{
  "IcoMoonType": "selection",
  "icons": [
    {
      "icon": {
        "paths": [
          "M769.216 562.464v-100.96h-206.72v-206.72h-100.96v206.72h-206.72v100.96h206.72v206.72h100.96v-206.72h206.72zM512 0c283.648 0 512 228.352 512 512s-228.352 512-512 512-512-228.352-512-512 228.352-512 512-512z"
        ],
        "attrs": [
          {}
        ],
        "isMulticolor": false,
        "isMulticolor2": false,
        "grid": 0,
        "tags": [
          "add-circle"
        ]
      },
      "attrs": [
        {}
      ],
      "properties": {
        "order": 1915,
        "id": 66,
        "name": "add-circle",
        "prevSize": 32,
        "code": 59648
      },
      "setIdx": 0,
      "setId": 5,
      "iconIdx": 0
    },
    {
      "icon": {
        "paths": [
          "M562.464 665.856v-103.36h-100.96v103.36h100.96zM562.464 461.536v-307.68h-100.96v307.68h100.96zM923.040 0c55.296 0 100.96 45.664 100.96 100.96v615.36c0 55.296-45.664 103.36-100.96 103.36h-718.72l-204.32 204.32v-923.040c0-55.296 45.664-100.96 100.96-100.96h822.080z"
        ],
        "attrs": [
          {}
        ],
        "isMulticolor": false,
        "isMulticolor2": false,
        "grid": 0,
        "tags": [
          "announcement"
        ]
      },
      "attrs": [
        {}
      ],
      "properties": {
        "order": 1916,
        "id": 65,
        "name": "announcement",
        "prevSize": 32,
        "code": 59649
      },
      "setIdx": 0,
      "setId": 5,
      "iconIdx": 1
    },
    {
      "icon": {
        "paths": [
          "M512 615.36l204.32-206.72h-408.64zM512 0c283.648 0 512 228.352 512 512s-228.352 512-512 512-512-228.352-512-512 228.352-512 512-512z"
        ],
        "attrs": [
          {}
        ],
        "isMulticolor": false,
        "isMulticolor2": false,
        "grid": 0,
        "tags": [
          "arrow-down-circle"
        ]
      },
      "attrs": [
        {}
      ],
      "properties": {
        "order": 1917,
        "id": 64,
        "name": "arrow-down-circle",
        "prevSize": 32,
        "code": 59650
      },
      "setIdx": 0,
      "setId": 5,
      "iconIdx": 2
    },
    {
      "icon": {
        "paths": [
          "M615.36 512l-206.72-204.32v408.64zM0 512c0-283.648 228.352-512 512-512s512 228.352 512 512-228.352 512-512 512-512-228.352-512-512z"
        ],
        "attrs": [
          {}
        ],
        "isMulticolor": false,
        "isMulticolor2": false,
        "grid": 0,
        "tags": [
          "arrow-right-circle"
        ]
      },
      "attrs": [
        {}
      ],
      "properties": {
        "order": 1918,
        "id": 63,
        "name": "arrow-right-circle",
        "prevSize": 32,
        "code": 59651
      },
      "setIdx": 0,
      "setId": 5,
      "iconIdx": 3
    },
    {
      "icon": {
        "paths": [
          "M234.72 109.632h-201.184c-18.432 0-33.536 15.072-33.536 33.536v737.664c0 18.432 15.072 33.536 33.536 33.536h201.184c18.432 0 33.536-15.072 33.536-33.536v-737.664c0-18.432-15.072-33.536-33.536-33.536zM201.184 310.816h-134.112v-67.072h134.112v67.072z",
          "M570.016 109.632h-201.184c-18.432 0-33.536 15.072-33.536 33.536v737.664c0 18.432 15.104 33.536 33.536 33.536h201.184c18.432 0 33.536-15.072 33.536-33.536v-737.664c0-18.432-15.072-33.536-33.536-33.536zM536.48 310.816h-134.112v-67.072h134.112v67.072z",
          "M801.664 161.472l-179.648 90.528c-16.48 8.288-23.168 28.576-14.848 45.024l301.76 598.88c8.288 16.48 28.576 23.168 45.024 14.848l179.648-90.528c16.48-8.288 23.168-28.576 14.848-45.024l-301.76-598.88c-8.288-16.48-28.576-23.168-45.024-14.848z"
        ],
        "attrs": [
          {},
          {},
          {}
        ],
        "width": 1152,
        "isMulticolor": false,
        "isMulticolor2": false,
        "grid": 0,
        "tags": [
          "books"
        ]
      },
      "attrs": [
        {},
        {},
        {}
      ],
      "properties": {
        "order": 1919,
        "id": 62,
        "name": "books",
        "prevSize": 32,
        "code": 59652
      },
      "setIdx": 0,
      "setId": 5,
      "iconIdx": 4
    },
    {
      "icon": {
        "paths": [
          "M194.272 486.848h244.576v244.576h-244.576v-244.576zM779.424 925.728v-534.848h-681.152v534.848h681.152zM779.424 146.272c25.92 0 48.768 9.92 68.576 29.728s29.728 42.656 29.728 68.576v681.152c0 25.92-9.92 48.768-29.728 68.576s-42.656 29.728-68.576 29.728h-681.152c-27.424 0-50.656-9.92-69.728-29.728s-28.576-42.656-28.576-68.576v-681.152c0-25.92 9.536-48.768 28.576-68.576s42.272-29.728 69.728-29.728h48v-98.272h98.272v98.272h388.576v-98.272h98.272v98.272h48z"
        ],
        "attrs": [
          {}
        ],
        "width": 864,
        "isMulticolor": false,
        "isMulticolor2": false,
        "grid": 0,
        "tags": [
          "calendar"
        ]
      },
      "attrs": [
        {}
      ],
      "properties": {
        "order": 1920,
        "id": 61,
        "name": "calendar",
        "prevSize": 32,
        "code": 59653
      },
      "setIdx": 0,
      "setId": 5,
      "iconIdx": 5
    },
    {
      "icon": {
        "paths": [
          "M282.464 460.384c61.44 120.736 160.416 219.296 281.184 281.184l93.856-93.856c11.52-11.52 28.576-15.36 43.52-10.24 47.776 15.776 99.424 24.32 152.32 24.32 23.456 0 42.656 19.2 42.656 42.656v148.896c0 23.456-19.2 42.656-42.656 42.656-400.64 0-725.344-324.704-725.344-725.344 0-23.456 19.2-42.656 42.656-42.656h149.344c23.456 0 42.656 19.2 42.656 42.656 0 53.344 8.544 104.544 24.32 152.32 4.704 14.944 1.28 31.584-10.656 43.52l-93.856 93.856z"
        ],
        "attrs": [
          {}
        ],
        "isMulticolor": false,
        "isMulticolor2": false,
        "grid": 0,
        "tags": [
          "call"
        ]
      },
      "attrs": [
        {}
      ],
      "properties": {
        "order": 1921,
        "id": 60,
        "name": "call",
        "prevSize": 32,
        "code": 59654
      },
      "setIdx": 0,
      "setId": 5,
      "iconIdx": 6
    },
    {
      "icon": {
        "paths": [
          "M409.6 796.8l723.2-723.2 96 96-819.2 819.2-380.8-380.8 96-96z"
        ],
        "attrs": [
          {}
        ],
        "width": 1216,
        "isMulticolor": false,
        "isMulticolor2": false,
        "grid": 0,
        "tags": [
          "check"
        ]
      },
      "attrs": [
        {}
      ],
      "properties": {
        "order": 1922,
        "id": 59,
        "name": "check",
        "prevSize": 32,
        "code": 59655
      },
      "setIdx": 0,
      "setId": 5,
      "iconIdx": 7
    },
    {
      "icon": {
        "paths": [
          "M910.208 0h-796.448c-63.136 0-113.792 51.2-113.792 113.792v796.448c0 62.592 50.624 113.792 113.792 113.792h796.448c63.136 0 113.792-51.2 113.792-113.792v-796.448c0-62.592-50.624-113.792-113.792-113.792zM398.208 796.448l-284.448-284.448 80.224-80.224 204.224 203.648 431.776-431.776 80.224 80.768-512 512z"
        ],
        "attrs": [
          {}
        ],
        "isMulticolor": false,
        "isMulticolor2": false,
        "grid": 0,
        "tags": [
          "checkbox-checked"
        ]
      },
      "attrs": [
        {}
      ],
      "properties": {
        "order": 1923,
        "id": 58,
        "name": "checkbox-checked",
        "prevSize": 32,
        "code": 59656
      },
      "setIdx": 0,
      "setId": 5,
      "iconIdx": 8
    },
    {
      "icon": {
        "paths": [
          "M910.208 113.792v796.448h-796.448v-796.448h796.448zM910.208 0h-796.448c-62.592 0-113.792 51.2-113.792 113.792v796.448c0 62.592 51.2 113.792 113.792 113.792h796.448c62.592 0 113.792-51.2 113.792-113.792v-796.448c0-62.592-51.2-113.792-113.792-113.792z"
        ],
        "attrs": [
          {}
        ],
        "isMulticolor": false,
        "isMulticolor2": false,
        "grid": 0,
        "tags": [
          "checkbox-unchecked"
        ]
      },
      "attrs": [
        {}
      ],
      "properties": {
        "order": 1924,
        "id": 57,
        "name": "checkbox-unchecked",
        "prevSize": 32,
        "code": 59657
      },
      "setIdx": 0,
      "setId": 5,
      "iconIdx": 9
    },
    {
      "icon": {
        "paths": [
          "M512 0c-282.624 0-512 229.376-512 512s229.376 512 512 512 512-229.376 512-512-229.376-512-512-512zM409.6 768l-256-256 72.192-72.192 183.808 183.296 388.608-388.608 72.192 72.704-460.8 460.8z"
        ],
        "attrs": [
          {}
        ],
        "isMulticolor": false,
        "isMulticolor2": false,
        "grid": 0,
        "tags": [
          "check-cycle"
        ]
      },
      "attrs": [
        {}
      ],
      "properties": {
        "order": 1925,
        "id": 56,
        "name": "check-cycle",
        "prevSize": 32,
        "code": 59658
      },
      "setIdx": 0,
      "setId": 5,
      "iconIdx": 10
    },
    {
      "icon": {
        "paths": [
          "M512 0c-282.624 0-512 229.376-512 512s229.376 512 512 512 512-229.376 512-512-229.376-512-512-512zM409.6 768l-256-256 72.192-72.192 183.808 183.296 388.608-388.608 72.192 72.704-460.8 460.8z"
        ],
        "attrs": [
          {}
        ],
        "isMulticolor": false,
        "isMulticolor2": false,
        "grid": 0,
        "tags": [
          "check-cycle-done"
        ]
      },
      "attrs": [
        {}
      ],
      "properties": {
        "order": 1926,
        "id": 55,
        "name": "check-cycle-done",
        "prevSize": 32,
        "code": 59659
      },
      "setIdx": 0,
      "setId": 5,
      "iconIdx": 11
    },
    {
      "icon": {
        "paths": [
          "M512 923.040c225.952 0 411.040-185.088 411.040-411.040s-185.088-411.040-411.040-411.040-411.040 185.088-411.040 411.040 185.088 411.040 411.040 411.040zM512 0c283.648 0 512 228.352 512 512s-228.352 512-512 512-512-228.352-512-512 228.352-512 512-512zM644.192 307.68l72.128 72.128-132.192 132.192 132.192 132.192-72.128 72.128-132.192-132.192-132.192 132.192-72.128-72.128 132.192-132.192-132.192-132.192 72.128-72.128 132.192 132.192z"
        ],
        "attrs": [
          {}
        ],
        "isMulticolor": false,
        "isMulticolor2": false,
        "grid": 0,
        "tags": [
          "check-cycle-fail"
        ]
      },
      "attrs": [
        {}
      ],
      "properties": {
        "order": 1927,
        "id": 54,
        "name": "check-cycle-fail",
        "prevSize": 32,
        "code": 59660
      },
      "setIdx": 0,
      "setId": 5,
      "iconIdx": 12
    },
    {
      "icon": {
        "paths": [
          "M538.432 254.784v269.216l230.752 137.024-38.464 64.896-269.216-163.456v-307.68h76.928zM512 923.040c225.952 0 411.040-185.088 411.040-411.040s-185.088-411.040-411.040-411.040-411.040 185.088-411.040 411.040 185.088 411.040 411.040 411.040zM512 0c283.648 0 512 228.352 512 512s-228.352 512-512 512-512-228.352-512-512 228.352-512 512-512z"
        ],
        "attrs": [
          {}
        ],
        "isMulticolor": false,
        "isMulticolor2": false,
        "grid": 0,
        "tags": [
          "clock"
        ]
      },
      "attrs": [
        {}
      ],
      "properties": {
        "order": 1928,
        "id": 53,
        "name": "clock",
        "prevSize": 32,
        "code": 59661
      },
      "setIdx": 0,
      "setId": 5,
      "iconIdx": 13
    },
    {
      "icon": {
        "paths": [
          "M988.8 131.2l-380.8 380.8 380.8 380.8-96 96-380.8-380.8-380.8 380.8-96-96 380.8-380.8-380.8-380.8 96-96 380.8 380.8 380.8-380.8z"
        ],
        "attrs": [
          {}
        ],
        "isMulticolor": false,
        "isMulticolor2": false,
        "grid": 0,
        "tags": [
          "close"
        ]
      },
      "attrs": [
        {}
      ],
      "properties": {
        "order": 1929,
        "id": 52,
        "name": "close",
        "prevSize": 32,
        "code": 59662
      },
      "setIdx": 0,
      "setId": 5,
      "iconIdx": 14
    },
    {
      "icon": {
        "paths": [
          "M859.52 930.304v-651.424h-509.824v651.424h509.824zM859.52 187.36c50.112 0 93.696 41.408 93.696 91.52v651.424c0 50.112-43.584 93.696-93.696 93.696h-509.824c-50.112 0-93.696-43.584-93.696-93.696v-651.424c0-50.112 43.584-91.52 93.696-91.52h509.824zM720.064 0v93.696h-557.76v651.424h-91.52v-651.424c0-50.112 41.408-93.696 91.52-93.696h557.76z"
        ],
        "attrs": [
          {}
        ],
        "isMulticolor": false,
        "isMulticolor2": false,
        "grid": 0,
        "tags": [
          "copy"
        ]
      },
      "attrs": [
        {}
      ],
      "properties": {
        "order": 1930,
        "id": 51,
        "name": "copy",
        "prevSize": 32,
        "code": 59663
      },
      "setIdx": 0,
      "setId": 5,
      "iconIdx": 15
    },
    {
      "icon": {
        "paths": [
          "M824 56v114.656h-794.656v-114.656h197.344l58.656-56h282.656l58.656 56h197.344zM85.344 909.344v-682.656h682.656v682.656c0 30.208-11.552 56.896-34.656 80s-49.792 34.656-80 34.656h-453.344c-30.208 0-56.896-11.552-80-34.656s-34.656-49.792-34.656-80z"
        ],
        "attrs": [
          {}
        ],
        "width": 864,
        "isMulticolor": false,
        "isMulticolor2": false,
        "grid": 0,
        "tags": [
          "delete"
        ]
      },
      "attrs": [
        {}
      ],
      "properties": {
        "order": 1931,
        "id": 50,
        "name": "delete",
        "prevSize": 32,
        "code": 59664
      },
      "setIdx": 0,
      "setId": 5,
      "iconIdx": 16
    },
    {
      "icon": {
        "paths": [
          "M160 37.344l522.656 522.656 522.656-522.656 160 160-682.656 682.656-682.656-682.656z"
        ],
        "attrs": [
          {}
        ],
        "width": 1376,
        "isMulticolor": false,
        "isMulticolor2": false,
        "grid": 0,
        "tags": [
          "down"
        ]
      },
      "attrs": [
        {}
      ],
      "properties": {
        "order": 1932,
        "id": 49,
        "name": "down",
        "prevSize": 32,
        "code": 59665
      },
      "setIdx": 0,
      "setId": 5,
      "iconIdx": 17
    },
    {
      "icon": {
        "paths": [
          "M91.68 873.088h840.64v121.312h-840.64v-121.312zM932.32 331.456l-420.32 420.32-420.32-420.32h239.776v-361.088h361.088v361.088h239.776z"
        ],
        "attrs": [
          {}
        ],
        "isMulticolor": false,
        "isMulticolor2": false,
        "grid": 0,
        "tags": [
          "download"
        ]
      },
      "attrs": [
        {}
      ],
      "properties": {
        "order": 1933,
        "id": 48,
        "name": "download",
        "prevSize": 32,
        "code": 59666
      },
      "setIdx": 0,
      "setId": 5,
      "iconIdx": 18
    },
    {
      "icon": {
        "paths": [
          "M1008 229.344l-104 104-213.344-213.344 104-104c10.656-10.656 24-16 40-16s29.344 5.344 40 16l133.344 133.344c10.656 10.656 16 24 16 40s-5.344 29.344-16 40zM0 810.656l629.344-629.344 213.344 213.344-629.344 629.344h-213.344v-213.344z"
        ],
        "attrs": [
          {}
        ],
        "isMulticolor": false,
        "isMulticolor2": false,
        "grid": 0,
        "tags": [
          "edit"
        ]
      },
      "attrs": [
        {}
      ],
      "properties": {
        "order": 1934,
        "id": 47,
        "name": "edit",
        "prevSize": 32,
        "code": 59667
      },
      "setIdx": 0,
      "setId": 5,
      "iconIdx": 19
    },
    {
      "icon": {
        "paths": [
          "M570.656 456.256l453.92-284.064h-907.872l453.92 284.064zM1024.608 851.808v-565.44l-453.92 281.376-453.92-281.376v565.44h907.872zM1024.608 58.080c30.080 0 56.192 11.488 78.304 34.496s33.184 49.568 33.184 79.648v679.552c0 30.080-11.040 56.64-33.184 79.648s-48.224 34.496-78.304 34.496h-907.872c-30.080 0-56.192-11.488-78.304-34.496s-33.184-49.568-33.184-79.648v-679.552c0-30.080 11.040-56.64 33.184-79.648s48.224-34.496 78.304-34.496h907.872z"
        ],
        "attrs": [
          {}
        ],
        "width": 1152,
        "isMulticolor": false,
        "isMulticolor2": false,
        "grid": 0,
        "tags": [
          "email"
        ]
      },
      "attrs": [
        {}
      ],
      "properties": {
        "order": 1935,
        "id": 46,
        "name": "email",
        "prevSize": 32,
        "code": 59668
      },
      "setIdx": 0,
      "setId": 5,
      "iconIdx": 20
    },
    {
      "icon": {
        "paths": [
          "M1062.528 275.744v-119.52l-475.264 297.408-475.264-297.408v119.52l475.264 294.624zM1062.528 36.736c63.936 0 116.736 55.584 116.736 119.52v711.52c0 63.936-52.8 119.52-116.736 119.52h-950.56c-63.936 0-116.736-55.584-116.736-119.52v-711.52c0-63.936 52.8-119.52 116.736-119.52h950.56z"
        ],
        "attrs": [
          {}
        ],
        "width": 1184,
        "isMulticolor": false,
        "isMulticolor2": false,
        "grid": 0,
        "tags": [
          "email-black"
        ]
      },
      "attrs": [
        {}
      ],
      "properties": {
        "order": 1936,
        "id": 45,
        "name": "email-black",
        "prevSize": 32,
        "code": 59669
      },
      "setIdx": 0,
      "setId": 5,
      "iconIdx": 21
    },
    {
      "icon": {
        "paths": [
          "M1178.784 545.344l-277.696 277.696-122.208-111.072-77.76 77.76 199.968 188.832 355.456-355.456-77.76-77.76zM623.392 756.416l122.208-122.208c8.192-9.248 20.064-15.040 33.312-15.040s25.152 5.792 33.28 15.008l88.896 77.792 222.176-222.176v-333.248c-0.448-30.496-13.12-57.952-33.312-77.728-18.4-20.544-44.992-33.376-74.592-33.376-1.12 0-2.24 0.032-3.36 0.064h-888.512c-0.96-0.032-2.080-0.064-3.2-0.064-29.6 0-56.192 12.864-74.496 33.28-20.288 19.904-32.96 47.36-33.408 77.76v666.592c0.448 30.496 13.12 57.952 33.312 77.728 18.4 20.544 44.992 33.376 74.592 33.376 1.12 0 2.24-0.032 3.36-0.064h610.784l-111.072-111.072c-9.248-8.192-15.040-20.064-15.040-33.312s5.792-25.152 15.008-33.28zM123.52 267.648v-111.072l444.32 277.696 444.32-277.696v111.072l-444.32 277.696z"
        ],
        "attrs": [
          {}
        ],
        "width": 1280,
        "isMulticolor": false,
        "isMulticolor2": false,
        "grid": 0,
        "tags": [
          "email-sent"
        ]
      },
      "attrs": [
        {}
      ],
      "properties": {
        "order": 1937,
        "id": 44,
        "name": "email-sent",
        "prevSize": 32,
        "code": 59670
      },
      "setIdx": 0,
      "setId": 5,
      "iconIdx": 22
    },
    {
      "icon": {
        "paths": [
          "M562.464 562.464v-307.68h-100.96v307.68h100.96zM562.464 769.216v-103.36h-100.96v103.36h100.96zM512 0c283.648 0 512 228.352 512 512s-228.352 512-512 512-512-228.352-512-512 228.352-512 512-512z"
        ],
        "attrs": [
          {}
        ],
        "isMulticolor": false,
        "isMulticolor2": false,
        "grid": 0,
        "tags": [
          "error"
        ]
      },
      "attrs": [
        {}
      ],
      "properties": {
        "order": 1938,
        "id": 43,
        "name": "error",
        "prevSize": 32,
        "code": 59671
      },
      "setIdx": 0,
      "setId": 5,
      "iconIdx": 23
    },
    {
      "icon": {
        "paths": [
          "M746.592 249.664c8.928 8.928 17.856 21.44 24.992 37.472s8.928 32.096 8.928 44.608v588.96c0 12.512-3.584 24.992-14.272 33.888-8.928 8.928-19.648 14.272-33.888 14.272h-685.344c-14.272 0-24.992-5.344-33.888-14.272-10.72-8.928-14.272-21.44-14.272-33.888v-817.408c0-12.512 3.584-24.992 14.272-33.888 8.928-8.928 19.648-14.272 33.888-14.272h456.896c14.272 0 28.576 3.584 44.608 10.72s30.336 14.272 39.264 23.232zM519.936 124.736v190.976h192.768c-3.584-8.928-7.136-16.064-12.512-19.648l-158.816-160.608c-3.584-3.584-10.72-7.136-21.44-10.72zM716.224 902.848v-521.152h-212.384c-14.272 0-24.992-5.344-33.888-14.272-10.72-8.928-14.272-21.44-14.272-35.68v-210.592h-392.64v781.696zM216.512 785.056v53.536h142.784v-53.536h-37.472l51.744-82.112c1.792-3.584 3.584-5.344 5.344-8.928s3.584-5.344 3.584-7.136c1.792-1.792 1.792-1.792 1.792-1.792h1.792c0 1.792 1.792 3.584 1.792 5.344 1.792 0 1.792 1.792 3.584 3.584 0 1.792 1.792 1.792 1.792 3.584 1.792 1.792 3.584 3.584 3.584 5.344l55.328 82.112h-39.264v53.536h148.128v-53.536h-33.888l-98.144-139.232 99.936-144.544h33.888v-55.328h-142.784v55.328h37.472l-51.744 80.32c-1.792 3.584-3.584 5.344-5.344 8.928s-3.584 5.344-5.344 7.136v1.792h-1.792c0-1.792 0-3.584-1.792-5.344-1.792-3.584-5.344-7.136-8.928-12.512l-53.536-80.32h37.472v-55.328h-146.336v55.328h33.888l96.352 139.232-98.144 144.544z"
        ],
        "attrs": [
          {}
        ],
        "width": 768,
        "isMulticolor": false,
        "isMulticolor2": false,
        "grid": 0,
        "tags": [
          "excel"
        ]
      },
      "attrs": [
        {}
      ],
      "properties": {
        "order": 1939,
        "id": 42,
        "name": "excel",
        "prevSize": 32,
        "code": 59672
      },
      "setIdx": 0,
      "setId": 5,
      "iconIdx": 24
    },
    {
      "icon": {
        "paths": [
          "M411.84 700.288l73.952 73.952 262.208-262.208-262.208-262.208-73.952 73.952 135.296 135.84h-507.136v104.896h507.136l-135.296 135.84zM879.104 40h-734.24c-58.208 0-104.896 47.2-104.896 104.896v209.76h104.896v-209.792h734.24v734.24h-734.24v-209.792h-104.896v209.792c0 57.696 46.688 104.896 104.896 104.896h734.24c57.696 0 104.896-47.2 104.896-104.896v-734.24c0-57.696-47.2-104.896-104.896-104.896z"
        ],
        "attrs": [
          {}
        ],
        "isMulticolor": false,
        "isMulticolor2": false,
        "grid": 0,
        "tags": [
          "exit"
        ]
      },
      "attrs": [
        {}
      ],
      "properties": {
        "order": 1940,
        "id": 41,
        "name": "exit",
        "prevSize": 32,
        "code": 59673
      },
      "setIdx": 0,
      "setId": 5,
      "iconIdx": 25
    },
    {
      "icon": {
        "paths": [
          "M170.656 568v-112h682.656v112h-682.656zM0 170.656h1024v114.656h-1024v-114.656zM397.344 853.344v-114.656h229.344v114.656h-229.344z"
        ],
        "attrs": [
          {}
        ],
        "isMulticolor": false,
        "isMulticolor2": false,
        "grid": 0,
        "tags": [
          "filter"
        ]
      },
      "attrs": [
        {}
      ],
      "properties": {
        "order": 1941,
        "id": 40,
        "name": "filter",
        "prevSize": 32,
        "code": 59674
      },
      "setIdx": 0,
      "setId": 5,
      "iconIdx": 26
    },
    {
      "icon": {
        "paths": [
          "M668.256 473.536c28.832-28.832 48.064-69.696 48.064-115.392 0-112.992-91.328-204.32-204.32-204.32s-204.32 91.328-204.32 204.32h100.96c0-55.296 48.064-103.36 103.36-103.36s103.36 48.064 103.36 103.36c0 28.832-12.032 52.896-31.264 72.128l-62.496 64.896c-36.064 38.464-60.096 88.928-60.096 144.224v26.432h100.96c0-76.928 24.032-105.76 60.096-144.224zM562.464 870.144v-100.96h-100.96v100.96h100.96zM512 0c283.648 0 512 228.352 512 512s-228.352 512-512 512-512-228.352-512-512 228.352-512 512-512z"
        ],
        "attrs": [
          {}
        ],
        "isMulticolor": false,
        "isMulticolor2": false,
        "grid": 0,
        "tags": [
          "help"
        ]
      },
      "attrs": [
        {}
      ],
      "properties": {
        "order": 1942,
        "id": 39,
        "name": "help",
        "prevSize": 32,
        "code": 59675
      },
      "setIdx": 0,
      "setId": 5,
      "iconIdx": 27
    },
    {
      "icon": {
        "paths": [
          "M797.632 920.896v-71.936c0-103.104-203.84-158.272-306.976-158.272s-306.976 55.168-306.976 158.272v71.936h613.92zM490.656 306.976c-83.936 0-153.472 69.536-153.472 153.472s69.536 153.472 153.472 153.472 153.472-69.536 153.472-153.472-69.536-153.472-153.472-153.472zM490.656 103.104c-28.768 0-50.368 21.6-50.368 50.368s21.6 52.768 50.368 52.768 50.368-23.968 50.368-52.768-21.568-50.368-50.368-50.368zM848 103.104c55.168 0 103.104 47.968 103.104 103.104v714.656c0 55.168-47.968 103.104-103.104 103.104h-714.656c-55.168 0-103.104-47.968-103.104-103.104v-714.656c0-55.168 47.968-103.104 103.104-103.104h213.44c21.6-59.968 76.736-103.104 143.904-103.104s122.304 43.168 143.904 103.104h213.44z"
        ],
        "attrs": [
          {}
        ],
        "width": 992,
        "isMulticolor": false,
        "isMulticolor2": false,
        "grid": 0,
        "tags": [
          "id-card"
        ]
      },
      "attrs": [
        {}
      ],
      "properties": {
        "order": 1943,
        "id": 38,
        "name": "id-card",
        "prevSize": 32,
        "code": 59676
      },
      "setIdx": 0,
      "setId": 5,
      "iconIdx": 28
    },
    {
      "icon": {
        "paths": [
          "M222.4 972.8c0 28.16 23.040 51.2 51.2 51.2h204.8c28.16 0 51.2-23.040 51.2-51.2v-51.2h-307.2v51.2zM376 0c-197.632 0-358.4 160.768-358.4 358.4 0 121.856 60.928 228.864 153.6 293.888v115.712c0 28.16 23.040 51.2 51.2 51.2h307.2c28.16 0 51.2-23.040 51.2-51.2v-115.712c92.672-65.024 153.6-172.032 153.6-293.888 0-197.632-160.768-358.4-358.4-358.4zM521.92 568.32l-43.52 30.72v117.76h-204.8v-117.76l-43.52-30.72c-69.12-48.128-110.080-126.464-110.080-209.92 0-141.312 114.688-256 256-256s256 114.688 256 256c0 83.456-40.96 161.792-110.080 209.92z"
        ],
        "attrs": [
          {}
        ],
        "width": 768,
        "isMulticolor": false,
        "isMulticolor2": false,
        "grid": 0,
        "tags": [
          "light"
        ]
      },
      "attrs": [
        {}
      ],
      "properties": {
        "order": 1944,
        "id": 37,
        "name": "light",
        "prevSize": 32,
        "code": 59677
      },
      "setIdx": 0,
      "setId": 5,
      "iconIdx": 29
    },
    {
      "icon": {
        "paths": [
          "M67.2 35.2h1094.4v134.4h-1094.4v-134.4zM67.2 716.8v-137.6h1094.4v137.6h-1094.4zM1161.6 307.2v137.6h-1094.4v-137.6h1094.4zM752 854.4v134.4h-684.8v-134.4h684.8z"
        ],
        "attrs": [
          {}
        ],
        "width": 1216,
        "isMulticolor": false,
        "isMulticolor2": false,
        "grid": 0,
        "tags": [
          "log"
        ]
      },
      "attrs": [
        {}
      ],
      "properties": {
        "order": 1945,
        "id": 36,
        "name": "log",
        "prevSize": 32,
        "code": 59678
      },
      "setIdx": 0,
      "setId": 5,
      "iconIdx": 30
    },
    {
      "icon": {
        "paths": [
          "M841.152 73.152c20 0 36.576 16.576 36.576 36.576v237.728c0 10.272-8 18.272-18.272 18.272h-36.576c-10.272 0-18.272-8-18.272-18.272v-149.728l-218.272 218.848c45.152 56 72 127.424 72 205.152 0 181.728-147.424 329.152-329.152 329.152s-329.152-147.424-329.152-329.152 147.424-329.152 329.152-329.152c77.728 0 149.152 26.848 205.152 72l218.272-218.272h-149.152c-10.272 0-18.272-8-18.272-18.272v-36.576c0-10.272 8-18.272 18.272-18.272h237.728zM329.152 877.728c141.152 0 256-114.848 256-256s-114.848-256-256-256-256 114.848-256 256 114.848 256 256 256z"
        ],
        "attrs": [
          {}
        ],
        "width": 864,
        "isMulticolor": false,
        "isMulticolor2": false,
        "grid": 0,
        "tags": [
          "mars"
        ]
      },
      "attrs": [
        {}
      ],
      "properties": {
        "order": 1946,
        "id": 35,
        "name": "mars",
        "prevSize": 32,
        "code": 59679
      },
      "setIdx": 0,
      "setId": 5,
      "iconIdx": 31
    },
    {
      "icon": {
        "paths": [
          "M64 0h1536v172h-1536v-172zM64 596v-168h1536v168h-1536zM64 1024v-172h1536v172h-1536z"
        ],
        "attrs": [
          {}
        ],
        "width": 1664,
        "isMulticolor": false,
        "isMulticolor2": false,
        "grid": 0,
        "tags": [
          "menu"
        ]
      },
      "attrs": [
        {}
      ],
      "properties": {
        "order": 1947,
        "id": 34,
        "name": "menu",
        "prevSize": 32,
        "code": 59680
      },
      "setIdx": 0,
      "setId": 5,
      "iconIdx": 32
    },
    {
      "icon": {
        "paths": [
          "M656 493.696v36.576c0 10.272-8 18.272-18.272 18.272h-475.424c-10.272 0-18.272-8-18.272-18.272v-36.576c0-10.272 8-18.272 18.272-18.272h475.424c10.272 0 18.272 8 18.272 18.272zM729.12 749.696v-475.424c0-50.272-41.152-91.424-91.424-91.424h-475.424c-50.272 0-91.424 41.152-91.424 91.424v475.424c0 50.272 41.152 91.424 91.424 91.424h475.424c50.272 0 91.424-41.152 91.424-91.424zM802.304 274.304v475.424c0 90.848-73.728 164.576-164.576 164.576h-475.424c-90.848 0-164.576-73.728-164.576-164.576v-475.424c0-90.848 73.728-164.576 164.576-164.576h475.424c90.848 0 164.576 73.728 164.576 164.576z"
        ],
        "attrs": [
          {}
        ],
        "width": 800,
        "isMulticolor": false,
        "isMulticolor2": false,
        "grid": 0,
        "tags": [
          "minus-square"
        ]
      },
      "attrs": [
        {}
      ],
      "properties": {
        "order": 1948,
        "id": 33,
        "name": "minus-square",
        "prevSize": 32,
        "code": 59681
      },
      "setIdx": 0,
      "setId": 5,
      "iconIdx": 33
    },
    {
      "icon": {
        "paths": [
          "M1032 316.16l-120.32-120.32-391.68 390.816-391.68-390.816-120.32 120.32 512 512z"
        ],
        "attrs": [
          {}
        ],
        "width": 1056,
        "isMulticolor": false,
        "isMulticolor2": false,
        "grid": 0,
        "tags": [
          "navigate-down"
        ]
      },
      "attrs": [
        {}
      ],
      "properties": {
        "order": 1949,
        "id": 32,
        "name": "navigate-down",
        "prevSize": 32,
        "code": 59682
      },
      "setIdx": 0,
      "setId": 5,
      "iconIdx": 34
    },
    {
      "icon": {
        "paths": [
          "M563.84 0l120.32 120.32-390.816 391.68 390.816 391.68-120.32 120.32-512-512z"
        ],
        "attrs": [
          {}
        ],
        "width": 736,
        "isMulticolor": false,
        "isMulticolor2": false,
        "grid": 0,
        "tags": [
          "navigate-left"
        ]
      },
      "attrs": [
        {}
      ],
      "properties": {
        "order": 1950,
        "id": 31,
        "name": "navigate-left",
        "prevSize": 32,
        "code": 59683
      },
      "setIdx": 0,
      "setId": 5,
      "iconIdx": 35
    },
    {
      "icon": {
        "paths": [
          "M172.16 0l-120.32 120.32 390.816 391.68-390.816 391.68 120.32 120.32 512-512z"
        ],
        "attrs": [
          {}
        ],
        "width": 736,
        "isMulticolor": false,
        "isMulticolor2": false,
        "grid": 0,
        "tags": [
          "navigate-right"
        ]
      },
      "attrs": [
        {}
      ],
      "properties": {
        "order": 1951,
        "id": 30,
        "name": "navigate-right",
        "prevSize": 32,
        "code": 59684
      },
      "setIdx": 0,
      "setId": 5,
      "iconIdx": 36
    },
    {
      "icon": {
        "paths": [
          "M1032 707.84l-120.32 120.32-391.68-390.816-391.68 390.816-120.32-120.32 512-512z"
        ],
        "attrs": [
          {}
        ],
        "width": 1056,
        "isMulticolor": false,
        "isMulticolor2": false,
        "grid": 0,
        "tags": [
          "navigate-up"
        ]
      },
      "attrs": [
        {}
      ],
      "properties": {
        "order": 1952,
        "id": 29,
        "name": "navigate-up",
        "prevSize": 32,
        "code": 59685
      },
      "setIdx": 0,
      "setId": 5,
      "iconIdx": 37
    },
    {
      "icon": {
        "paths": [
          "M512 121.6c74.24 0 134.4 60.16 134.4 134.4s-60.16 134.4-134.4 134.4-134.4-60.16-134.4-134.4 60.16-134.4 134.4-134.4zM512 697.6c190.080 0 390.4 93.44 390.4 134.4v70.4h-780.8v-70.4c0-40.96 200.32-134.4 390.4-134.4zM512 0c-141.44 0-256 114.56-256 256s114.56 256 256 256 256-114.56 256-256-114.56-256-256-256zM512 576c-170.88 0-512 85.76-512 256v192h1024v-192c0-170.24-341.12-256-512-256z"
        ],
        "attrs": [
          {}
        ],
        "isMulticolor": false,
        "isMulticolor2": false,
        "grid": 0,
        "tags": [
          "no-avatar"
        ]
      },
      "attrs": [
        {}
      ],
      "properties": {
        "order": 1953,
        "id": 28,
        "name": "no-avatar",
        "prevSize": 32,
        "code": 59686
      },
      "setIdx": 0,
      "setId": 5,
      "iconIdx": 38
    },
    {
      "icon": {
        "paths": [
          "M1091.2 579.2c59.744 0 124.8 8.544 195.2 25.6s135.456 44.8 195.2 83.2c59.744 38.4 89.6 82.144 89.6 131.2v169.6h-409.6v-169.6c0-93.856-44.8-172.8-134.4-236.8 14.944-2.144 36.256-3.2 64-3.2zM547.2 579.2c59.744 0 124.8 8.544 195.2 25.6s134.944 44.8 193.6 83.2c58.656 38.4 88 82.144 88 131.2v169.6h-956.8v-169.6c0-49.056 29.856-92.8 89.6-131.2s124.8-66.144 195.2-83.2c70.4-17.056 135.456-25.6 195.2-25.6zM547.2 444.8c-55.456 0-103.456-20.256-144-60.8s-60.8-88.544-60.8-144c0-55.456 20.256-103.456 60.8-144s88.544-60.8 144-60.8c55.456 0 102.944 20.256 142.4 60.8s59.2 88.544 59.2 144c0 55.456-19.744 103.456-59.2 144s-86.944 60.8-142.4 60.8zM1091.2 444.8c-55.456 0-103.456-20.256-144-60.8s-60.8-88.544-60.8-144c0-55.456 20.256-103.456 60.8-144s88.544-60.8 144-60.8c55.456 0 103.456 20.256 144 60.8s60.8 88.544 60.8 144c0 55.456-20.256 103.456-60.8 144s-88.544 60.8-144 60.8z"
        ],
        "attrs": [
          {}
        ],
        "width": 1632,
        "isMulticolor": false,
        "isMulticolor2": false,
        "grid": 0,
        "tags": [
          "people"
        ]
      },
      "attrs": [
        {}
      ],
      "properties": {
        "order": 1954,
        "id": 27,
        "name": "people",
        "prevSize": 32,
        "code": 59687
      },
      "setIdx": 0,
      "setId": 5,
      "iconIdx": 39
    },
    {
      "icon": {
        "paths": [
          "M512 640.768c170.667 0 512 83.84 512 254.507v128.768h-1024v-128.768c0-170.667 341.333-254.507 512-254.507zM512 512c-140.715 0-254.507-113.792-254.507-254.507s113.792-257.493 254.507-257.493 254.507 116.779 254.507 257.493-113.792 254.507-254.507 254.507z"
        ],
        "attrs": [
          {}
        ],
        "isMulticolor": false,
        "isMulticolor2": false,
        "grid": 0,
        "tags": [
          "person"
        ]
      },
      "attrs": [
        {}
      ],
      "properties": {
        "order": 1955,
        "id": 26,
        "name": "person",
        "prevSize": 32,
        "code": 59688
      },
      "setIdx": 0,
      "setId": 5,
      "iconIdx": 40
    },
    {
      "icon": {
        "paths": [
          "M512 85.344c-165.12 0-298.656 133.536-298.656 298.656 0 224 298.656 554.656 298.656 554.656s298.656-330.656 298.656-554.656c0-165.12-133.536-298.656-298.656-298.656zM512 490.656c-58.88 0-106.656-47.776-106.656-106.656s47.776-106.656 106.656-106.656 106.656 47.776 106.656 106.656-47.776 106.656-106.656 106.656z"
        ],
        "attrs": [
          {}
        ],
        "isMulticolor": false,
        "isMulticolor2": false,
        "grid": 0,
        "tags": [
          "place"
        ]
      },
      "attrs": [
        {}
      ],
      "properties": {
        "order": 1956,
        "id": 25,
        "name": "place",
        "prevSize": 32,
        "code": 59689
      },
      "setIdx": 0,
      "setId": 5,
      "iconIdx": 41
    },
    {
      "icon": {
        "paths": [
          "M109.952 0l804.096 512-804.096 512v-1024z"
        ],
        "attrs": [
          {}
        ],
        "isMulticolor": false,
        "isMulticolor2": false,
        "grid": 0,
        "tags": [
          "play-arrow"
        ]
      },
      "attrs": [
        {}
      ],
      "properties": {
        "order": 1957,
        "id": 24,
        "name": "play-arrow",
        "prevSize": 32,
        "code": 59690
      },
      "setIdx": 0,
      "setId": 5,
      "iconIdx": 42
    },
    {
      "icon": {
        "paths": [
          "M656 493.696v36.576c0 10.272-8 18.272-18.272 18.272h-201.152v201.152c0 10.272-8 18.272-18.272 18.272h-36.576c-10.272 0-18.272-8-18.272-18.272v-201.152h-201.152c-10.272 0-18.272-8-18.272-18.272v-36.576c0-10.272 8-18.272 18.272-18.272h201.152v-201.152c0-10.272 8-18.272 18.272-18.272h36.576c10.272 0 18.272 8 18.272 18.272v201.152h201.152c10.272 0 18.272 8 18.272 18.272zM729.12 749.696v-475.424c0-50.272-41.152-91.424-91.424-91.424h-475.424c-50.272 0-91.424 41.152-91.424 91.424v475.424c0 50.272 41.152 91.424 91.424 91.424h475.424c50.272 0 91.424-41.152 91.424-91.424zM802.304 274.304v475.424c0 90.848-73.728 164.576-164.576 164.576h-475.424c-90.848 0-164.576-73.728-164.576-164.576v-475.424c0-90.848 73.728-164.576 164.576-164.576h475.424c90.848 0 164.576 73.728 164.576 164.576z"
        ],
        "attrs": [
          {}
        ],
        "width": 800,
        "isMulticolor": false,
        "isMulticolor2": false,
        "grid": 0,
        "tags": [
          "plus-square"
        ]
      },
      "attrs": [
        {}
      ],
      "properties": {
        "order": 1958,
        "id": 23,
        "name": "plus-square",
        "prevSize": 32,
        "code": 59691
      },
      "setIdx": 0,
      "setId": 5,
      "iconIdx": 43
    },
    {
      "icon": {
        "paths": [
          "M512 923.040c225.952 0 411.040-185.088 411.040-411.040s-185.088-411.040-411.040-411.040-411.040 185.088-411.040 411.040 185.088 411.040 411.040 411.040zM512 0c283.648 0 512 228.352 512 512s-228.352 512-512 512-512-228.352-512-512 228.352-512 512-512zM512 254.784c141.824 0 257.216 115.392 257.216 257.216s-115.392 257.216-257.216 257.216-257.216-115.392-257.216-257.216 115.392-257.216 257.216-257.216z"
        ],
        "attrs": [
          {}
        ],
        "isMulticolor": false,
        "isMulticolor2": false,
        "grid": 0,
        "tags": [
          "radio-button-checked"
        ]
      },
      "attrs": [
        {}
      ],
      "properties": {
        "order": 1959,
        "id": 22,
        "name": "radio-button-checked",
        "prevSize": 32,
        "code": 59692
      },
      "setIdx": 0,
      "setId": 5,
      "iconIdx": 44
    },
    {
      "icon": {
        "paths": [
          "M512 923.040c225.952 0 411.040-185.088 411.040-411.040s-185.088-411.040-411.040-411.040-411.040 185.088-411.040 411.040 185.088 411.040 411.040 411.040zM512 0c283.648 0 512 228.352 512 512s-228.352 512-512 512-512-228.352-512-512 228.352-512 512-512z"
        ],
        "attrs": [
          {}
        ],
        "isMulticolor": false,
        "isMulticolor2": false,
        "grid": 0,
        "tags": [
          "radio-button-unchecked"
        ]
      },
      "attrs": [
        {}
      ],
      "properties": {
        "order": 1960,
        "id": 21,
        "name": "radio-button-unchecked",
        "prevSize": 32,
        "code": 59693
      },
      "setIdx": 0,
      "setId": 5,
      "iconIdx": 45
    },
    {
      "icon": {
        "paths": [
          "M769.216 562.464v-100.96h-514.4v100.96h514.4zM512 0c283.648 0 512 228.352 512 512s-228.352 512-512 512-512-228.352-512-512 228.352-512 512-512z"
        ],
        "attrs": [
          {}
        ],
        "isMulticolor": false,
        "isMulticolor2": false,
        "grid": 0,
        "tags": [
          "remove-circle"
        ]
      },
      "attrs": [
        {}
      ],
      "properties": {
        "order": 1961,
        "id": 20,
        "name": "remove-circle",
        "prevSize": 32,
        "code": 59694
      },
      "setIdx": 0,
      "setId": 5,
      "iconIdx": 46
    },
    {
      "icon": {
        "paths": [
          "M594.496 206.24c225.408 0 410.080 182.272 410.080 407.68s-184.672 410.080-410.080 410.080-410.080-184.672-410.080-410.080h103.104c0 170.272 136.704 306.976 306.976 306.976s306.976-136.704 306.976-306.976-136.704-306.976-306.976-306.976v206.24l-256.608-256.608 256.608-256.608v206.24z"
        ],
        "attrs": [
          {}
        ],
        "width": 1184,
        "isMulticolor": false,
        "isMulticolor2": false,
        "grid": 0,
        "tags": [
          "replay"
        ]
      },
      "attrs": [
        {}
      ],
      "properties": {
        "order": 1962,
        "id": 19,
        "name": "replay",
        "prevSize": 32,
        "code": 59695
      },
      "setIdx": 0,
      "setId": 5,
      "iconIdx": 47
    },
    {
      "icon": {
        "paths": [
          "M370.656 626.656c71.104 0 131.552-24.896 181.344-74.656s74.656-110.208 74.656-181.344c0-71.104-24.896-131.552-74.656-181.344s-110.208-74.656-181.344-74.656c-71.104 0-131.552 24.896-181.344 74.656s-74.656 110.208-74.656 181.344c0 71.104 24.896 131.552 74.656 181.344s110.208 74.656 181.344 74.656zM712 626.656l282.656 282.656-85.344 85.344-282.656-282.656v-45.344l-16-16c-67.552 58.656-147.552 88-240 88-103.104 0-190.656-35.552-262.656-106.656s-108-158.208-108-261.344c0-103.104 36-190.656 108-262.656s159.552-108 262.656-108c103.104 0 190.208 36 261.344 108s106.656 159.552 106.656 262.656c0 92.448-29.344 172.448-88 240l16 16h45.344z"
        ],
        "attrs": [
          {}
        ],
        "isMulticolor": false,
        "isMulticolor2": false,
        "grid": 0,
        "tags": [
          "search"
        ]
      },
      "attrs": [
        {}
      ],
      "properties": {
        "order": 1963,
        "id": 18,
        "name": "search",
        "prevSize": 32,
        "code": 59696
      },
      "setIdx": 0,
      "setId": 5,
      "iconIdx": 48
    },
    {
      "icon": {
        "paths": [
          "M1097.143 438.857c40.558 0 73.143 32.585 73.143 73.143s-32.585 73.143-73.143 73.143h-8.558l-65.719 378.295c-6.29 34.853-36.571 60.562-72.009 60.562h-731.429c-35.438 0-65.719-25.71-72.009-60.562l-65.719-378.295h-8.558c-40.558 0-73.143-32.585-73.143-73.143s32.585-73.143 73.143-73.143h1024zM277.138 896c20.005-1.719 35.438-19.419 33.719-39.424l-18.286-237.714c-1.719-20.005-19.419-35.438-39.424-33.719s-35.438 19.419-33.719 39.424l18.286 237.714c1.719 18.871 17.701 33.719 36.571 33.719h2.853zM512 859.429v-237.714c0-20.005-16.567-36.571-36.571-36.571s-36.571 16.567-36.571 36.571v237.714c0 20.005 16.567 36.571 36.571 36.571s36.571-16.567 36.571-36.571zM731.429 859.429v-237.714c0-20.005-16.567-36.571-36.571-36.571s-36.571 16.567-36.571 36.571v237.714c0 20.005 16.567 36.571 36.571 36.571s36.571-16.567 36.571-36.571zM932.571 862.281l18.286-237.714c1.719-20.005-13.714-37.705-33.719-39.424s-37.705 13.714-39.424 33.719l-18.286 237.714c-1.719 20.005 13.714 37.705 33.719 39.424h2.853c18.871 0 34.853-14.848 36.571-33.719zM272.018 166.839l-53.138 235.447h-75.447l57.71-252.014c14.848-66.853 73.728-113.701 142.299-113.701h95.415c0-20.005 16.567-36.571 36.571-36.571h219.429c20.005 0 36.571 16.567 36.571 36.571h95.415c68.571 0 127.415 46.848 142.299 113.701l57.71 252.014h-75.447l-53.138-235.447c-8.009-33.719-37.157-57.161-71.424-57.161h-95.415c0 20.005-16.567 36.571-36.571 36.571h-219.429c-20.005 0-36.571-16.567-36.571-36.571h-95.415c-34.304 0-63.415 23.442-71.424 57.161z"
        ],
        "attrs": [
          {}
        ],
        "width": 1170,
        "isMulticolor": false,
        "isMulticolor2": false,
        "grid": 0,
        "tags": [
          "shopping-basket"
        ]
      },
      "attrs": [
        {}
      ],
      "properties": {
        "order": 1964,
        "id": 17,
        "name": "shopping-basket",
        "prevSize": 32,
        "code": 59697
      },
      "setIdx": 0,
      "setId": 5,
      "iconIdx": 49
    },
    {
      "icon": {
        "paths": [
          "M670.272 607.424c0-99.424-96.576-133.728-177.728-152l-59.424-13.728c-43.424-10.272-76-17.728-76-50.848 0-30.272 32-44 82.272-44 89.728 0 91.424 65.728 146.848 65.728 37.152 0 59.424-29.152 59.424-62.272 0-65.728-109.152-108.576-217.152-108.576-98.848 0-213.728 42.848-213.728 158.848 0 96 64 130.272 147.424 150.272l83.424 20.576c50.848 12.576 82.272 18.272 82.272 54.848 0 29.152-32.576 51.424-82.848 51.424-105.728 0-111.424-88-172.576-88-40 0-57.728 28.576-57.728 60 0 70.272 107.424 127.424 236 127.424 107.424 0 219.424-53.728 219.424-169.728zM877.728 731.424c0 121.152-98.272 219.424-219.424 219.424-50.272 0-96.576-17.152-133.728-45.728-27.424 5.728-56.576 9.152-85.728 9.152-222.272 0-402.272-180-402.272-402.272 0-29.152 3.424-58.272 9.152-85.728-28.576-37.152-45.728-83.424-45.728-133.728 0-121.152 98.272-219.424 219.424-219.424 50.272 0 96.576 17.152 133.728 45.728 27.424-5.728 56.576-9.152 85.728-9.152 222.272 0 402.272 180 402.272 402.272 0 29.152-3.424 58.272-9.152 85.728 28.576 37.152 45.728 83.424 45.728 133.728z"
        ],
        "attrs": [
          {}
        ],
        "width": 864,
        "isMulticolor": false,
        "isMulticolor2": false,
        "grid": 0,
        "tags": [
          "skype"
        ]
      },
      "attrs": [
        {}
      ],
      "properties": {
        "order": 1965,
        "id": 16,
        "name": "skype",
        "prevSize": 32,
        "code": 59698
      },
      "setIdx": 0,
      "setId": 5,
      "iconIdx": 50
    },
    {
      "icon": {
        "paths": [
          "M0 612.64h752.512l-376.256 409.696z",
          "M616.704 348.448l-240.416-261.792-240.416 261.792h480.864zM0 409.696l376.256-409.696 376.256 409.696h-752.512z"
        ],
        "attrs": [
          {},
          {}
        ],
        "width": 800,
        "isMulticolor": false,
        "isMulticolor2": false,
        "grid": 0,
        "tags": [
          "sort-down"
        ]
      },
      "attrs": [
        {},
        {}
      ],
      "properties": {
        "order": 1966,
        "id": 15,
        "name": "sort-down",
        "prevSize": 32,
        "code": 59699
      },
      "setIdx": 0,
      "setId": 5,
      "iconIdx": 51
    },
    {
      "icon": {
        "paths": [
          "M135.84 673.92l240.416 261.792 240.416-261.792h-480.864zM752.544 612.64l-376.256 409.696-376.256-409.696h752.512z",
          "M616.704 348.448l-240.416-261.792-240.416 261.792h480.864zM0 409.696l376.256-409.696 376.256 409.696h-752.512z"
        ],
        "attrs": [
          {},
          {}
        ],
        "width": 800,
        "isMulticolor": false,
        "isMulticolor2": false,
        "grid": 0,
        "tags": [
          "sort-none"
        ]
      },
      "attrs": [
        {},
        {}
      ],
      "properties": {
        "order": 1967,
        "id": 14,
        "name": "sort-none",
        "prevSize": 32,
        "code": 59700
      },
      "setIdx": 0,
      "setId": 5,
      "iconIdx": 52
    },
    {
      "icon": {
        "paths": [
          "M752.544 409.696h-752.512l376.256-409.696z",
          "M135.84 673.92l240.416 261.792 240.416-261.792h-480.864zM752.544 612.64l-376.256 409.696-376.256-409.696h752.512z"
        ],
        "attrs": [
          {},
          {}
        ],
        "width": 800,
        "isMulticolor": false,
        "isMulticolor2": false,
        "grid": 0,
        "tags": [
          "sort-up"
        ]
      },
      "attrs": [
        {},
        {}
      ],
      "properties": {
        "order": 1968,
        "id": 13,
        "name": "sort-up",
        "prevSize": 32,
        "code": 59701
      },
      "setIdx": 0,
      "setId": 5,
      "iconIdx": 53
    },
    {
      "icon": {
        "paths": [
          "M505.856 0c-272.384 0-494.592 215.040-505.856 483.328-1.024 19.456 13.312 20.48 13.312 20.48h86.016c16.384 0 19.456-10.24 19.456-18.432 10.24-203.776 180.224-366.592 387.072-366.592 109.568 0 209.92 46.080 279.552 120.832l-59.392 58.368c-11.264 12.288-11.264 27.648 5.12 31.744l252.928 51.2c21.504 5.12 47.104-11.264 37.888-45.056l-59.392-232.448c-2.048-9.216-16.384-22.528-29.696-13.312l-66.56 61.44c-91.136-93.184-219.136-151.552-360.448-151.552zM924.672 520.192c-16.384 0-19.456 10.24-19.456 18.432-10.24 203.776-180.224 366.592-386.048 366.592-110.592 0-209.92-46.080-280.576-120.832l60.416-58.368c10.24-12.288 10.24-27.648-5.12-31.744l-253.952-51.2c-21.504-5.12-47.104 11.264-37.888 45.056l59.392 232.448c2.048 9.216 16.384 22.528 30.72 13.312l65.536-61.44c91.136 93.184 219.136 151.552 361.472 151.552 271.36 0 493.568-215.040 504.832-484.352 1.024-18.432-13.312-19.456-13.312-19.456h-86.016z"
        ],
        "attrs": [
          {}
        ],
        "isMulticolor": false,
        "isMulticolor2": false,
        "grid": 0,
        "tags": [
          "spin3"
        ]
      },
      "attrs": [
        {}
      ],
      "properties": {
        "order": 1969,
        "id": 12,
        "name": "spin3",
        "prevSize": 32,
        "code": 59702
      },
      "setIdx": 0,
      "setId": 5,
      "iconIdx": 54
    },
    {
      "icon": {
        "paths": [
          "M509.952 0c-116.736 0-233.472 39.936-327.68 118.784v0c177.152-143.36 438.272-133.12 602.112 31.744 137.216 137.216 167.936 339.968 91.136 506.88-10.24 29.696-5.12 51.2 12.288 69.632 21.504 20.48 62.464 23.552 86.016 0 3.072-3.072 12.288-15.36 15.36-24.576 72.704-184.32 33.792-402.432-114.688-551.936-101.376-100.352-233.472-150.528-364.544-150.528zM91.136 280.576c-14.336 0-29.696 5.12-39.936 16.384-3.072 3.072-13.312 15.36-15.36 24.576-72.704 184.32-34.816 402.432 114.688 551.936 189.44 189.44 490.496 199.68 692.224 31.744v0c-177.152 143.36-438.272 133.12-603.136-31.744-137.216-137.216-166.912-340.992-91.136-506.88 11.264-29.696 6.144-51.2-12.288-69.632-11.264-11.264-27.648-17.408-45.056-16.384z"
        ],
        "attrs": [
          {}
        ],
        "isMulticolor": false,
        "isMulticolor2": false,
        "grid": 0,
        "tags": [
          "spin4"
        ]
      },
      "attrs": [
        {}
      ],
      "properties": {
        "order": 1970,
        "id": 11,
        "name": "spin4",
        "prevSize": 32,
        "code": 59703
      },
      "setIdx": 0,
      "setId": 5,
      "iconIdx": 55
    },
    {
      "icon": {
        "paths": [
          "M1085.413 396.825c0 11.616-8.389 22.583-16.777 30.971l-234.224 228.416 55.49 322.622c0.645 4.517 0.645 8.389 0.645 12.905 0 16.775-7.744 32.263-26.455 32.263-9.033 0-18.066-3.225-25.81-7.744l-289.712-152.277-289.712 152.277c-8.389 4.517-16.777 7.744-25.81 7.744-18.711 0-27.099-15.486-27.099-32.263 0-4.517 0.645-8.389 1.291-12.905l55.49-322.622-234.869-228.416c-7.744-8.389-16.13-19.358-16.13-30.971 0-19.358 20.002-27.099 36.135-29.68l323.911-47.102 145.179-293.584c5.808-12.258 16.775-26.455 31.616-26.455s25.81 14.194 31.616 26.455l145.179 293.584 323.911 47.102c15.486 2.581 36.135 10.325 36.135 29.68z"
        ],
        "attrs": [
          {}
        ],
        "width": 1097,
        "isMulticolor": false,
        "isMulticolor2": false,
        "grid": 0,
        "tags": [
          "star"
        ]
      },
      "attrs": [
        {}
      ],
      "properties": {
        "order": 1971,
        "id": 10,
        "name": "star",
        "prevSize": 32,
        "code": 59704
      },
      "setIdx": 0,
      "setId": 5,
      "iconIdx": 56
    },
    {
      "icon": {
        "paths": [
          "M745.367 627.175l197.445-191.637-272.293-40.005-121.952-246.482-121.952 246.482-272.293 40.005 197.445 191.637-47.102 271.646 243.902-128.402 243.257 128.402zM1085.41 396.823c0 11.616-8.389 22.583-16.777 30.971l-234.224 228.416 55.49 322.622c0.645 4.517 0.645 8.389 0.645 12.905 0 17.422-7.744 32.263-26.455 32.263-9.033 0-18.066-3.225-25.81-7.744l-289.712-152.277-289.712 152.277c-8.389 4.517-16.777 7.744-25.81 7.744-18.711 0-27.099-15.486-27.099-32.263 0-4.517 0.645-8.389 1.291-12.905l55.49-322.622-234.869-228.416c-7.744-8.389-16.13-19.358-16.13-30.971 0-19.358 20.002-27.099 36.135-29.68l323.911-47.102 145.179-293.584c5.808-12.258 16.775-26.455 31.616-26.455s25.81 14.194 31.616 26.455l145.179 293.584 323.911 47.102c15.486 2.581 36.135 10.325 36.135 29.68z"
        ],
        "attrs": [
          {}
        ],
        "width": 1097,
        "isMulticolor": false,
        "isMulticolor2": false,
        "grid": 0,
        "tags": [
          "star-o"
        ]
      },
      "attrs": [
        {}
      ],
      "properties": {
        "order": 1972,
        "id": 9,
        "name": "star-o",
        "prevSize": 32,
        "code": 59705
      },
      "setIdx": 0,
      "setId": 5,
      "iconIdx": 57
    },
    {
      "icon": {
        "paths": [
          "M0 0h1024v1024h-1024v-1024z"
        ],
        "attrs": [
          {}
        ],
        "isMulticolor": false,
        "isMulticolor2": false,
        "grid": 0,
        "tags": [
          "stop"
        ]
      },
      "attrs": [
        {}
      ],
      "properties": {
        "order": 1973,
        "id": 8,
        "name": "stop",
        "prevSize": 32,
        "code": 59706
      },
      "setIdx": 0,
      "setId": 5,
      "iconIdx": 58
    },
    {
      "icon": {
        "paths": [
          "M537.152 683.424v96h-342.848v-96h342.848zM779.424 925.728v-534.848h-681.152v534.848h681.152zM779.424 146.272c25.92 0 48.768 9.92 68.576 29.728s29.728 42.656 29.728 68.576v681.152c0 25.92-9.92 48.768-29.728 68.576s-42.656 29.728-68.576 29.728h-681.152c-27.424 0-50.656-9.92-69.728-29.728s-28.576-42.656-28.576-68.576v-681.152c0-25.92 9.536-48.768 28.576-68.576s42.272-29.728 69.728-29.728h48v-98.272h98.272v98.272h388.576v-98.272h98.272v98.272h48zM683.424 486.848v98.272h-489.152v-98.272h489.152z"
        ],
        "attrs": [
          {}
        ],
        "width": 864,
        "isMulticolor": false,
        "isMulticolor2": false,
        "grid": 0,
        "tags": [
          "tasklist"
        ]
      },
      "attrs": [
        {}
      ],
      "properties": {
        "order": 1974,
        "id": 7,
        "name": "tasklist",
        "prevSize": 32,
        "code": 59707
      },
      "setIdx": 0,
      "setId": 5,
      "iconIdx": 59
    },
    {
      "icon": {
        "paths": [
          "M909.728 292.576h-877.728v146.272h877.728v-146.272zM909.728 0h-877.728v146.272h877.728v-146.272zM32 731.424h585.152v-146.272h-585.152v146.272zM1458.272 402.272l109.728 109.728-511.264 512-329.888-329.152 109.728-109.728 220.16 219.424 401.568-402.272z"
        ],
        "attrs": [
          {}
        ],
        "width": 1600,
        "isMulticolor": false,
        "isMulticolor2": false,
        "grid": 0,
        "tags": [
          "tasks"
        ]
      },
      "attrs": [
        {}
      ],
      "properties": {
        "order": 1975,
        "id": 6,
        "name": "tasks",
        "prevSize": 32,
        "code": 59708
      },
      "setIdx": 0,
      "setId": 5,
      "iconIdx": 60
    },
    {
      "icon": {
        "paths": [
          "M1048 512l-215.584-215.584v161.696h-808.416v107.776h808.416v161.696z"
        ],
        "attrs": [
          {}
        ],
        "width": 1088,
        "isMulticolor": false,
        "isMulticolor2": false,
        "grid": 0,
        "tags": [
          "transfer"
        ]
      },
      "attrs": [
        {}
      ],
      "properties": {
        "order": 1976,
        "id": 5,
        "name": "transfer",
        "prevSize": 32,
        "code": 59709
      },
      "setIdx": 0,
      "setId": 5,
      "iconIdx": 61
    },
    {
      "icon": {
        "paths": [
          "M1024 512l-1024 512v-1024z"
        ],
        "attrs": [
          {}
        ],
        "isMulticolor": false,
        "isMulticolor2": false,
        "grid": 0,
        "tags": [
          "transferto"
        ]
      },
      "attrs": [
        {}
      ],
      "properties": {
        "order": 1977,
        "id": 4,
        "name": "transferto",
        "prevSize": 32,
        "code": 59710
      },
      "setIdx": 0,
      "setId": 5,
      "iconIdx": 62
    },
    {
      "icon": {
        "paths": [
          "M0 1024h1024v-1024z"
        ],
        "attrs": [
          {}
        ],
        "isMulticolor": false,
        "isMulticolor2": false,
        "grid": 0,
        "tags": [
          "triangle"
        ]
      },
      "attrs": [
        {}
      ],
      "properties": {
        "order": 1978,
        "id": 3,
        "name": "triangle",
        "prevSize": 32,
        "code": 59711
      },
      "setIdx": 0,
      "setId": 5,
      "iconIdx": 63
    },
    {
      "icon": {
        "paths": [
          "M1024 0h-1024v1024z"
        ],
        "attrs": [
          {}
        ],
        "isMulticolor": false,
        "isMulticolor2": false,
        "grid": 0,
        "tags": [
          "triangle-up"
        ]
      },
      "attrs": [
        {}
      ],
      "properties": {
        "order": 1979,
        "id": 2,
        "name": "triangle-up",
        "prevSize": 32,
        "code": 59712
      },
      "setIdx": 0,
      "setId": 5,
      "iconIdx": 64
    },
    {
      "icon": {
        "paths": [
          "M662.496 342.464c0 165.888-125.536 302.656-286.976 320.608v145.728h125.536c10.080 0 17.92 7.84 17.92 17.952v35.872c0 10.080-7.84 17.952-17.92 17.952h-125.536v125.536c0 10.080-7.84 17.92-17.92 17.92h-35.872c-10.080 0-17.92-7.84-17.92-17.952v-125.536h-125.536c-10.080 0-17.952-7.84-17.952-17.952v-35.872c0-10.080 7.84-17.952 17.952-17.952h125.536v-145.728c-169.824-18.496-299.84-169.28-285.856-346.944 12.32-152.448 133.408-277.44 284.736-294.24 195.040-21.856 359.84 130.016 359.84 320.608zM88.576 342.464c0 138.432 112.672 251.104 251.104 251.104s251.104-112.672 251.104-251.104-112.672-251.104-251.104-251.104-251.104 112.672-251.104 251.104z"
        ],
        "attrs": [
          {}
        ],
        "width": 672,
        "isMulticolor": false,
        "isMulticolor2": false,
        "grid": 0,
        "tags": [
          "venus"
        ]
      },
      "attrs": [
        {}
      ],
      "properties": {
        "order": 1980,
        "id": 1,
        "name": "venus",
        "prevSize": 32,
        "code": 59713
      },
      "setIdx": 0,
      "setId": 5,
      "iconIdx": 65
    },
    {
      "icon": {
        "paths": [
          "M557.76 628.576v-187.36h-91.52v187.36h91.52zM557.76 813.76v-93.696h-91.52v93.696h91.52zM0 953.184l512-882.368 512 882.368h-1024z"
        ],
        "attrs": [
          {}
        ],
        "isMulticolor": false,
        "isMulticolor2": false,
        "grid": 0,
        "tags": [
          "warning"
        ]
      },
      "attrs": [
        {}
      ],
      "properties": {
        "order": 1981,
        "id": 0,
        "name": "warning",
        "prevSize": 32,
        "code": 59714
      },
      "setIdx": 0,
      "setId": 5,
      "iconIdx": 66
    }
  ],
  "height": 1024,
  "metadata": {
    "name": "icomoon"
  },
  "preferences": {
    "showGlyphs": true,
    "showQuickUse": true,
    "showQuickUse2": true,
    "showSVGs": true,
    "fontPref": {
      "prefix": "icon-",
      "metadata": {
        "fontFamily": "icomoon",
        "majorVersion": 1,
        "minorVersion": 0
      },
      "metrics": {
        "emSize": 1024,
        "baseline": 6.25,
        "whitespace": 50
      },
      "embed": false,
      "showSelector": true,
      "selector": "class",
      "classSelector": ".icon",
      "showMetrics": false,
      "showMetadata": false,
      "showVersion": true,
      "includeMetadata": true,
      "noie8": true,
      "ie7": false
    },
    "imagePref": {
      "prefix": "icon-",
      "png": true,
      "useClassSelector": true,
      "color": 0,
      "bgColor": 16777215,
      "classSelector": ".icon"
    },
    "historySize": 50,
    "showCodes": true,
    "gridSize": 16,
    "showGrid": false
  }
}