{
  "IcoMoonType": "selection",
  "icons": [
    {
      "icon": {
        "paths": [
          "M769.201 562.479v-100.959h-206.723v-206.723h-100.959v206.723h-206.723v100.959h206.723v206.723h100.959v-206.723h206.723zM512 0c283.643 0 512 228.357 512 512s-228.357 512-512 512-512-228.357-512-512 228.357-512 512-512z"
        ],
        "attrs": [
          {}
        ],
        "isMulticolor": false,
        "isMulticolor2": false,
        "grid": 0,
        "tags": [
          "add-circle"
        ]
      },
      "attrs": [
        {}
      ],
      "properties": {
        "order": 1786,
        "id": 62,
        "name": "add-circle",
        "prevSize": 32,
        "code": 59648
      },
      "setIdx": 0,
      "setId": 5,
      "iconIdx": 0
    },
    {
      "icon": {
        "paths": [
          "M562.479 665.84v-103.361h-100.959v103.361h100.959zM562.479 461.521v-307.681h-100.959v307.681h100.959zM923.043 0c55.285 0 100.957 45.671 100.957 100.959v615.361c0 55.287-45.671 103.361-100.957 103.361h-718.723l-204.319 204.319v-923.043c0-55.287 45.671-100.959 100.959-100.959h822.084z"
        ],
        "attrs": [
          {}
        ],
        "isMulticolor": false,
        "isMulticolor2": false,
        "grid": 0,
        "tags": [
          "announcement"
        ]
      },
      "attrs": [
        {}
      ],
      "properties": {
        "order": 1787,
        "id": 61,
        "name": "announcement",
        "prevSize": 32,
        "code": 59649
      },
      "setIdx": 0,
      "setId": 5,
      "iconIdx": 1
    },
    {
      "icon": {
        "paths": [
          "M512 615.361l204.319-206.723h-408.637zM512 0c283.643 0 512 228.357 512 512s-228.357 512-512 512-512-228.357-512-512 228.357-512 512-512z"
        ],
        "attrs": [
          {}
        ],
        "isMulticolor": false,
        "isMulticolor2": false,
        "grid": 0,
        "tags": [
          "arrow-down-circle"
        ]
      },
      "attrs": [
        {}
      ],
      "properties": {
        "order": 1788,
        "id": 60,
        "name": "arrow-down-circle",
        "prevSize": 32,
        "code": 59650
      },
      "setIdx": 0,
      "setId": 5,
      "iconIdx": 2
    },
    {
      "icon": {
        "paths": [
          "M615.361 512l-206.723-204.319v408.637zM0 512c0-283.643 228.357-512 512-512s512 228.357 512 512-228.357 512-512 512-512-228.357-512-512z"
        ],
        "attrs": [
          {}
        ],
        "isMulticolor": false,
        "isMulticolor2": false,
        "grid": 0,
        "tags": [
          "arrow-right-circle"
        ]
      },
      "attrs": [
        {}
      ],
      "properties": {
        "order": 1789,
        "id": 59,
        "name": "arrow-right-circle",
        "prevSize": 32,
        "code": 59651
      },
      "setIdx": 0,
      "setId": 5,
      "iconIdx": 3
    },
    {
      "icon": {
        "paths": [
          "M194.286 486.857h244.571v244.571h-244.571v-244.571zM779.429 925.714v-534.857h-681.143v534.857h681.143zM779.429 146.286c25.905 0 48.762 9.905 68.571 29.714s29.714 42.667 29.714 68.571v681.143c0 25.905-9.905 48.762-29.714 68.571s-42.667 29.714-68.571 29.714h-681.143c-27.429 0-50.667-9.905-69.714-29.714s-28.571-42.667-28.571-68.571v-681.143c0-25.905 9.524-48.762 28.571-68.571s42.286-29.714 69.714-29.714h48v-98.286h98.286v98.286h388.571v-98.286h98.286v98.286h48z"
        ],
        "attrs": [
          {}
        ],
        "width": 878,
        "isMulticolor": false,
        "isMulticolor2": false,
        "grid": 0,
        "tags": [
          "calendar"
        ]
      },
      "attrs": [
        {}
      ],
      "properties": {
        "order": 1790,
        "id": 58,
        "name": "calendar",
        "prevSize": 32,
        "code": 59652
      },
      "setIdx": 0,
      "setId": 5,
      "iconIdx": 4
    },
    {
      "icon": {
        "paths": [
          "M282.453 460.373c61.44 120.747 160.427 219.307 281.173 281.173l93.867-93.867c11.52-11.52 28.587-15.36 43.52-10.24 47.787 15.787 99.413 24.32 152.32 24.32 23.467 0 42.667 19.2 42.667 42.667v148.907c0 23.467-19.2 42.667-42.667 42.667-400.64 0-725.333-324.693-725.333-725.333 0-23.467 19.2-42.667 42.667-42.667h149.333c23.467 0 42.667 19.2 42.667 42.667 0 53.333 8.533 104.533 24.32 152.32 4.693 14.933 1.28 31.573-10.667 43.52l-93.867 93.867z"
        ],
        "attrs": [
          {}
        ],
        "isMulticolor": false,
        "isMulticolor2": false,
        "grid": 0,
        "tags": [
          "call"
        ]
      },
      "attrs": [
        {}
      ],
      "properties": {
        "order": 1791,
        "id": 57,
        "name": "call",
        "prevSize": 32,
        "code": 59653
      },
      "setIdx": 0,
      "setId": 5,
      "iconIdx": 5
    },
    {
      "icon": {
        "paths": [
          "M409.6 796.8l723.2-723.2 96 96-819.2 819.2-380.8-380.8 96-96z"
        ],
        "attrs": [
          {}
        ],
        "width": 1216,
        "isMulticolor": false,
        "isMulticolor2": false,
        "grid": 0,
        "tags": [
          "check"
        ]
      },
      "attrs": [
        {}
      ],
      "properties": {
        "order": 1792,
        "id": 56,
        "name": "check",
        "prevSize": 32,
        "code": 59654
      },
      "setIdx": 0,
      "setId": 5,
      "iconIdx": 6
    },
    {
      "icon": {
        "paths": [
          "M910.223-0.001h-796.445c-63.147 0-113.777 51.2-113.777 113.777v796.445c0 62.577 50.631 113.777 113.777 113.777h796.445c63.147 0 113.777-51.2 113.777-113.777v-796.445c0-62.577-50.631-113.777-113.777-113.777zM398.223 796.444l-284.444-284.444 80.213-80.213 204.231 203.663 431.787-431.787 80.213 80.783-512.001 512.001z"
        ],
        "attrs": [
          {}
        ],
        "isMulticolor": false,
        "isMulticolor2": false,
        "grid": 0,
        "tags": [
          "checkbox-checked"
        ]
      },
      "attrs": [
        {}
      ],
      "properties": {
        "order": 1793,
        "id": 55,
        "name": "checkbox-checked",
        "prevSize": 32,
        "code": 59655
      },
      "setIdx": 0,
      "setId": 5,
      "iconIdx": 7
    },
    {
      "icon": {
        "paths": [
          "M910.223 113.777v796.445h-796.445v-796.445h796.445zM910.223-0.001h-796.445c-62.577 0-113.777 51.2-113.777 113.777v796.445c0 62.577 51.2 113.777 113.777 113.777h796.445c62.577 0 113.777-51.2 113.777-113.777v-796.445c0-62.577-51.2-113.777-113.777-113.777z"
        ],
        "attrs": [
          {}
        ],
        "isMulticolor": false,
        "isMulticolor2": false,
        "grid": 0,
        "tags": [
          "checkbox-unchecked"
        ]
      },
      "attrs": [
        {}
      ],
      "properties": {
        "order": 1794,
        "id": 54,
        "name": "checkbox-unchecked",
        "prevSize": 32,
        "code": 59656
      },
      "setIdx": 0,
      "setId": 5,
      "iconIdx": 8
    },
    {
      "icon": {
        "paths": [
          "M512 0c-282.624 0-512 229.376-512 512s229.376 512 512 512 512-229.376 512-512-229.376-512-512-512zM409.6 768l-256-256 72.192-72.192 183.808 183.296 388.608-388.608 72.192 72.704-460.8 460.8z"
        ],
        "attrs": [
          {}
        ],
        "isMulticolor": false,
        "isMulticolor2": false,
        "grid": 0,
        "tags": [
          "check-cycle"
        ]
      },
      "attrs": [
        {}
      ],
      "properties": {
        "order": 1795,
        "id": 53,
        "name": "check-cycle",
        "prevSize": 32,
        "code": 59657
      },
      "setIdx": 0,
      "setId": 5,
      "iconIdx": 9
    },
    {
      "icon": {
        "paths": [
          "M512 0c-282.624 0-512 229.376-512 512s229.376 512 512 512 512-229.376 512-512-229.376-512-512-512zM409.6 767.999l-255.999-255.999 72.192-72.192 183.807 183.296 388.608-388.608 72.192 72.704-460.8 460.8z"
        ],
        "attrs": [
          {}
        ],
        "isMulticolor": false,
        "isMulticolor2": false,
        "grid": 0,
        "tags": [
          "check-cycle-done"
        ]
      },
      "attrs": [
        {}
      ],
      "properties": {
        "order": 1796,
        "id": 52,
        "name": "check-cycle-done",
        "prevSize": 32,
        "code": 59658
      },
      "setIdx": 0,
      "setId": 5,
      "iconIdx": 10
    },
    {
      "icon": {
        "paths": [
          "M512 923.042c225.953 0 411.042-185.089 411.042-411.042s-185.089-411.042-411.042-411.042-411.042 185.089-411.042 411.042 185.089 411.042 411.042 411.042zM512 0c283.643 0 512 228.357 512 512s-228.357 512-512 512-512-228.357-512-512 228.357-512 512-512zM644.207 307.681l72.113 72.113-132.207 132.207 132.207 132.207-72.113 72.113-132.207-132.207-132.207 132.207-72.113-72.113 132.207-132.207-132.207-132.207 72.113-72.113 132.207 132.207z"
        ],
        "attrs": [
          {}
        ],
        "isMulticolor": false,
        "isMulticolor2": false,
        "grid": 0,
        "tags": [
          "check-cycle-fail"
        ]
      },
      "attrs": [
        {}
      ],
      "properties": {
        "order": 1797,
        "id": 51,
        "name": "check-cycle-fail",
        "prevSize": 32,
        "code": 59659
      },
      "setIdx": 0,
      "setId": 5,
      "iconIdx": 11
    },
    {
      "icon": {
        "paths": [
          "M538.441 254.799v269.221l230.761 137.015-38.46 64.901-269.221-163.455v-307.681h76.92zM512 923.043c225.953 0 411.041-185.089 411.041-411.043s-185.089-411.041-411.041-411.041-411.041 185.089-411.041 411.041 185.089 411.041 411.041 411.041zM512 0c283.643 0 512 228.357 512 512s-228.357 512-512 512-512-228.357-512-512 228.357-512 512-512z"
        ],
        "attrs": [
          {}
        ],
        "isMulticolor": false,
        "isMulticolor2": false,
        "grid": 0,
        "tags": [
          "clock"
        ]
      },
      "attrs": [
        {}
      ],
      "properties": {
        "order": 1798,
        "id": 50,
        "name": "clock",
        "prevSize": 32,
        "code": 59660
      },
      "setIdx": 0,
      "setId": 5,
      "iconIdx": 12
    },
    {
      "icon": {
        "paths": [
          "M988.8 131.2l-380.8 380.8 380.8 380.8-96 96-380.8-380.8-380.8 380.8-96-96 380.8-380.8-380.8-380.8 96-96 380.8 380.8 380.8-380.8z"
        ],
        "attrs": [
          {}
        ],
        "isMulticolor": false,
        "isMulticolor2": false,
        "grid": 0,
        "tags": [
          "close"
        ]
      },
      "attrs": [
        {}
      ],
      "properties": {
        "order": 1799,
        "id": 49,
        "name": "close",
        "prevSize": 32,
        "code": 59661
      },
      "setIdx": 0,
      "setId": 5,
      "iconIdx": 13
    },
    {
      "icon": {
        "paths": [
          "M859.507 930.315v-651.437h-509.821v651.437h509.821zM859.507 187.371c50.111 0 93.685 41.396 93.685 91.505v651.439c0 50.111-43.575 93.685-93.685 93.685h-509.821c-50.111 0-93.685-43.575-93.685-93.685v-651.437c0-50.111 43.573-91.507 93.685-91.507h509.821zM720.068 0v93.685h-557.753v651.439h-91.507v-651.437c0-50.111 41.396-93.685 91.507-93.685h557.753z"
        ],
        "attrs": [
          {}
        ],
        "isMulticolor": false,
        "isMulticolor2": false,
        "grid": 0,
        "tags": [
          "copy"
        ]
      },
      "attrs": [
        {}
      ],
      "properties": {
        "order": 1800,
        "id": 48,
        "name": "copy",
        "prevSize": 32,
        "code": 59662
      },
      "setIdx": 0,
      "setId": 5,
      "iconIdx": 14
    },
    {
      "icon": {
        "paths": [
          "M824 56v114.656h-794.656v-114.656h197.344l58.656-56h282.656l58.656 56h197.344zM85.344 909.344v-682.656h682.656v682.656c0 30.208-11.552 56.896-34.656 80s-49.792 34.656-80 34.656h-453.344c-30.208 0-56.896-11.552-80-34.656s-34.656-49.792-34.656-80z"
        ],
        "attrs": [
          {}
        ],
        "width": 864,
        "isMulticolor": false,
        "isMulticolor2": false,
        "grid": 0,
        "tags": [
          "delete"
        ]
      },
      "attrs": [
        {}
      ],
      "properties": {
        "order": 1801,
        "id": 47,
        "name": "delete",
        "prevSize": 32,
        "code": 59663
      },
      "setIdx": 0,
      "setId": 5,
      "iconIdx": 15
    },
    {
      "icon": {
        "paths": [
          "M160 37.344l522.656 522.656 522.656-522.656 160 160-682.656 682.656-682.656-682.656z"
        ],
        "attrs": [
          {}
        ],
        "width": 1376,
        "isMulticolor": false,
        "isMulticolor2": false,
        "grid": 0,
        "tags": [
          "down"
        ]
      },
      "attrs": [
        {}
      ],
      "properties": {
        "order": 1802,
        "id": 46,
        "name": "down",
        "prevSize": 32,
        "code": 59664
      },
      "setIdx": 0,
      "setId": 5,
      "iconIdx": 16
    },
    {
      "icon": {
        "paths": [
          "M91.679 873.080h840.637v121.301h-840.637v-121.301zM932.321 331.46l-420.321 420.321-420.321-420.321h239.779v-361.080h361.080v361.080h239.779z"
        ],
        "attrs": [
          {}
        ],
        "isMulticolor": false,
        "isMulticolor2": false,
        "grid": 0,
        "tags": [
          "download"
        ]
      },
      "attrs": [
        {}
      ],
      "properties": {
        "order": 1803,
        "id": 45,
        "name": "download",
        "prevSize": 32,
        "code": 59665
      },
      "setIdx": 0,
      "setId": 5,
      "iconIdx": 17
    },
    {
      "icon": {
        "paths": [
          "M1008 229.344l-104 104-213.344-213.344 104-104c10.656-10.656 24-16 40-16s29.344 5.344 40 16l133.344 133.344c10.656 10.656 16 24 16 40s-5.344 29.344-16 40zM0 810.656l629.344-629.344 213.344 213.344-629.344 629.344h-213.344v-213.344z"
        ],
        "attrs": [
          {}
        ],
        "isMulticolor": false,
        "isMulticolor2": false,
        "grid": 0,
        "tags": [
          "edit"
        ]
      },
      "attrs": [
        {}
      ],
      "properties": {
        "order": 1804,
        "id": 44,
        "name": "edit",
        "prevSize": 32,
        "code": 59666
      },
      "setIdx": 0,
      "setId": 5,
      "iconIdx": 18
    },
    {
      "icon": {
        "paths": [
          "M570.667 456.271l453.935-284.051h-907.868l453.935 284.051zM1024.601 851.815v-565.427l-453.935 281.375-453.935-281.375v565.427h907.868zM1024.601 58.083c30.071 0 56.192 11.5 78.299 34.499s33.193 49.565 33.193 79.637v679.564c0 30.071-11.055 56.639-33.193 79.637s-48.228 34.499-78.299 34.499h-907.868c-30.071 0-56.192-11.5-78.299-34.499s-33.193-49.567-33.193-79.637v-679.564c0-30.071 11.055-56.637 33.193-79.637s48.228-34.499 78.299-34.499h907.868z"
        ],
        "attrs": [
          {}
        ],
        "width": 1141,
        "isMulticolor": false,
        "isMulticolor2": false,
        "grid": 0,
        "tags": [
          "email"
        ]
      },
      "attrs": [
        {}
      ],
      "properties": {
        "order": 1805,
        "id": 43,
        "name": "email",
        "prevSize": 32,
        "code": 59667
      },
      "setIdx": 0,
      "setId": 5,
      "iconIdx": 19
    },
    {
      "icon": {
        "paths": [
          "M1062.519 275.752v-119.513l-475.278 297.394-475.274-297.394v119.513l475.274 294.617zM1062.519 36.726c63.924 0 116.734 55.588 116.734 119.515v711.527c0 63.926-52.808 119.513-116.734 119.513h-950.553c-63.926 0-116.736-55.588-116.736-119.513v-711.527c0-63.926 52.808-119.515 116.736-119.515h950.553z"
        ],
        "attrs": [
          {}
        ],
        "width": 1184,
        "isMulticolor": false,
        "isMulticolor2": false,
        "grid": 0,
        "tags": [
          "email-black"
        ]
      },
      "attrs": [
        {}
      ],
      "properties": {
        "order": 1806,
        "id": 42,
        "name": "email-black",
        "prevSize": 32,
        "code": 59668
      },
      "setIdx": 0,
      "setId": 5,
      "iconIdx": 20
    },
    {
      "icon": {
        "paths": [
          "M1178.799 545.351l-277.705 277.705-122.193-111.083-77.76 77.76 199.955 188.841 355.467-355.467-77.76-77.76zM623.38 756.409l122.193-122.193c8.184-9.244 20.077-15.043 33.327-15.043s25.145 5.803 33.283 14.997l88.911 77.807 222.171-222.169v-333.251c-0.447-30.491-13.111-57.943-33.307-77.739-18.403-20.543-44.995-33.389-74.579-33.389-1.127 0-2.245 0.020-3.355 0.053l-888.507-0.005c-0.955-0.031-2.069-0.051-3.193-0.051-29.589 0-56.176 12.857-74.48 33.279-20.295 19.915-32.961 47.363-33.405 77.772l-0.001 666.587c0.447 30.491 13.111 57.943 33.307 77.739 18.403 20.543 44.995 33.391 74.579 33.391 1.127 0 2.245-0.020 3.355-0.053l610.795 0.005-111.083-111.083c-9.244-8.184-15.043-20.077-15.043-33.327s5.803-25.145 14.997-33.283zM123.504 267.645v-111.081l444.332 277.707 444.332-277.707v111.081l-444.332 277.705z"
        ],
        "attrs": [
          {}
        ],
        "width": 1269,
        "isMulticolor": false,
        "isMulticolor2": false,
        "grid": 0,
        "tags": [
          "email-sent"
        ]
      },
      "attrs": [
        {}
      ],
      "properties": {
        "order": 1807,
        "id": 41,
        "name": "email-sent",
        "prevSize": 32,
        "code": 59669
      },
      "setIdx": 0,
      "setId": 5,
      "iconIdx": 21
    },
    {
      "icon": {
        "paths": [
          "M562.479 562.479v-307.681h-100.959v307.681h100.959zM562.479 769.201v-103.361h-100.959v103.361h100.959zM512 0c283.643 0 512 228.357 512 512s-228.357 512-512 512-512-228.357-512-512 228.357-512 512-512z"
        ],
        "attrs": [
          {}
        ],
        "isMulticolor": false,
        "isMulticolor2": false,
        "grid": 0,
        "tags": [
          "error"
        ]
      },
      "attrs": [
        {}
      ],
      "properties": {
        "order": 1808,
        "id": 40,
        "name": "error",
        "prevSize": 32,
        "code": 59670
      },
      "setIdx": 0,
      "setId": 5,
      "iconIdx": 22
    },
    {
      "icon": {
        "paths": [
          "M746.597 249.664c8.929 8.929 17.859 21.431 25.003 37.465s8.929 32.109 8.929 44.609v588.965c0 12.501-3.573 25.003-14.286 33.894-8.929 8.929-19.646 14.286-33.894 14.286h-685.329c-14.286 0-25.003-5.359-33.894-14.286-10.715-8.929-14.286-21.431-14.286-33.894v-817.408c0-12.501 3.573-25.003 14.286-33.894 8.929-8.929 19.646-14.286 33.894-14.286h456.886c14.286 0 28.573 3.573 44.609 10.715s30.323 14.286 39.251 23.219zM519.94 124.726v190.977h192.763c-3.573-8.929-7.145-16.073-12.501-19.646l-158.831-160.617c-3.573-3.573-10.715-7.145-21.431-10.715zM716.236 902.844v-521.141h-212.369c-14.286 0-25.003-5.359-33.894-14.286-10.715-8.929-14.286-21.431-14.286-35.681v-210.583h-392.632v781.692zM216.528 785.051v53.539h142.796v-53.539h-37.465l51.753-82.113c1.786-3.573 3.573-5.359 5.359-8.929s3.573-5.359 3.573-7.145c1.786-1.786 1.786-1.786 1.786-1.786h1.786c0 1.786 1.786 3.573 1.786 5.359 1.786 0 1.786 1.786 3.573 3.573 0 1.786 1.786 1.786 1.786 3.573 1.786 1.786 3.573 3.573 3.573 5.359l55.324 82.113h-39.251v53.539h148.115v-53.539h-33.894l-98.15-139.224 99.934-144.544h33.894v-55.324h-142.796v55.324h37.465l-51.753 80.327c-1.786 3.573-3.573 5.359-5.359 8.929s-3.573 5.359-5.359 7.145v1.786h-1.786c0-1.786 0-3.573-1.786-5.359-1.786-3.573-5.359-7.145-8.929-12.501l-53.539-80.327h37.465v-55.324h-146.328v55.324h33.894l96.362 139.224-98.15 144.544z"
        ],
        "attrs": [
          {}
        ],
        "width": 768,
        "isMulticolor": false,
        "isMulticolor2": false,
        "grid": 0,
        "tags": [
          "excel"
        ]
      },
      "attrs": [
        {}
      ],
      "properties": {
        "order": 1809,
        "id": 39,
        "name": "excel",
        "prevSize": 32,
        "code": 59671
      },
      "setIdx": 0,
      "setId": 5,
      "iconIdx": 23
    },
    {
      "icon": {
        "paths": [
          "M411.84 700.288l73.952 73.952 262.208-262.208-262.208-262.208-73.952 73.952 135.296 135.84h-507.136v104.896h507.136l-135.296 135.84zM879.104 40h-734.24c-58.208 0-104.896 47.2-104.896 104.896v209.76h104.896v-209.792h734.24v734.24h-734.24v-209.792h-104.896v209.792c0 57.696 46.688 104.896 104.896 104.896h734.24c57.696 0 104.896-47.2 104.896-104.896v-734.24c0-57.696-47.2-104.896-104.896-104.896z"
        ],
        "attrs": [
          {}
        ],
        "isMulticolor": false,
        "isMulticolor2": false,
        "grid": 0,
        "tags": [
          "exit"
        ]
      },
      "attrs": [
        {}
      ],
      "properties": {
        "order": 1810,
        "id": 38,
        "name": "exit",
        "prevSize": 32,
        "code": 59672
      },
      "setIdx": 0,
      "setId": 5,
      "iconIdx": 24
    },
    {
      "icon": {
        "paths": [
          "M170.667 568v-112h682.667v112h-682.667zM0 170.667h1024v114.667h-1024v-114.667zM397.333 853.333v-114.667h229.333v114.667h-229.333z"
        ],
        "attrs": [
          {}
        ],
        "isMulticolor": false,
        "isMulticolor2": false,
        "grid": 0,
        "tags": [
          "filter"
        ]
      },
      "attrs": [
        {}
      ],
      "properties": {
        "order": 1811,
        "id": 37,
        "name": "filter",
        "prevSize": 32,
        "code": 59673
      },
      "setIdx": 0,
      "setId": 5,
      "iconIdx": 25
    },
    {
      "icon": {
        "paths": [
          "M668.244 473.54c28.845-28.845 48.075-69.709 48.075-115.38 0-112.977-91.343-204.319-204.319-204.319s-204.319 91.343-204.319 204.319h100.957c0-55.285 48.075-103.361 103.361-103.361s103.361 48.075 103.361 103.361c0 28.845-12.019 52.883-31.249 72.113l-62.499 64.901c-36.056 38.46-60.093 88.939-60.093 144.225v26.441h100.959c0-76.92 24.039-105.765 60.095-144.225zM562.479 870.16v-100.959h-100.959v100.959h100.959zM512 0c283.643 0 512 228.357 512 512s-228.357 512-512 512-512-228.357-512-512 228.357-512 512-512z"
        ],
        "attrs": [
          {}
        ],
        "isMulticolor": false,
        "isMulticolor2": false,
        "grid": 0,
        "tags": [
          "help"
        ]
      },
      "attrs": [
        {}
      ],
      "properties": {
        "order": 1812,
        "id": 36,
        "name": "help",
        "prevSize": 32,
        "code": 59674
      },
      "setIdx": 0,
      "setId": 5,
      "iconIdx": 26
    },
    {
      "icon": {
        "paths": [
          "M797.628 920.885v-71.943c0-103.117-203.843-158.276-306.961-158.276s-306.961 55.159-306.961 158.276v71.943h613.924zM490.667 306.961c-83.935 0-153.481 69.545-153.481 153.481s69.545 153.481 153.481 153.481 153.481-69.547 153.481-153.481-69.547-153.481-153.481-153.481zM490.667 103.117c-28.779 0-50.363 21.584-50.363 50.363s21.584 52.76 50.363 52.76 50.363-23.983 50.363-52.76-21.584-50.363-50.363-50.363zM847.991 103.117c55.157 0 103.117 47.964 103.117 103.117v714.645c0 55.159-47.964 103.119-103.117 103.119h-714.647c-55.157 0-103.117-47.964-103.117-103.117v-714.647c0-55.159 47.964-103.117 103.117-103.117h213.433c21.584-59.953 76.74-103.117 143.889-103.117s122.305 43.165 143.891 103.117h213.433z"
        ],
        "attrs": [
          {}
        ],
        "width": 981,
        "isMulticolor": false,
        "isMulticolor2": false,
        "grid": 0,
        "tags": [
          "id-card"
        ]
      },
      "attrs": [
        {}
      ],
      "properties": {
        "order": 1813,
        "id": 35,
        "name": "id-card",
        "prevSize": 32,
        "code": 59675
      },
      "setIdx": 0,
      "setId": 5,
      "iconIdx": 27
    },
    {
      "icon": {
        "paths": [
          "M461.521 461.521v307.681h100.959v-307.681h-100.959zM461.521 254.799v103.361h100.959v-103.361h-100.959zM512 1024c-283.643 0-512-228.357-512-512s228.357-512 512-512 512 228.357 512 512-228.357 512-512 512z"
        ],
        "attrs": [
          {}
        ],
        "isMulticolor": false,
        "isMulticolor2": false,
        "grid": 0,
        "tags": [
          "info"
        ]
      },
      "attrs": [
        {}
      ],
      "properties": {
        "order": 1814,
        "id": 34,
        "name": "info",
        "prevSize": 32,
        "code": 59676
      },
      "setIdx": 0,
      "setId": 5,
      "iconIdx": 28
    },
    {
      "icon": {
        "paths": [
          "M222.4 972.8c0 28.16 23.040 51.2 51.2 51.2h204.8c28.16 0 51.2-23.040 51.2-51.2v-51.2h-307.2v51.2zM376 0c-197.632 0-358.4 160.768-358.4 358.4 0 121.856 60.928 228.864 153.6 293.888v115.712c0 28.16 23.040 51.2 51.2 51.2h307.2c28.16 0 51.2-23.040 51.2-51.2v-115.712c92.672-65.024 153.6-172.032 153.6-293.888 0-197.632-160.768-358.4-358.4-358.4zM521.92 568.32l-43.52 30.72v117.76h-204.8v-117.76l-43.52-30.72c-69.12-48.128-110.080-126.464-110.080-209.92 0-141.312 114.688-256 256-256s256 114.688 256 256c0 83.456-40.96 161.792-110.080 209.92z"
        ],
        "attrs": [
          {}
        ],
        "width": 752,
        "isMulticolor": false,
        "isMulticolor2": false,
        "grid": 0,
        "tags": [
          "light"
        ]
      },
      "attrs": [
        {}
      ],
      "properties": {
        "order": 1815,
        "id": 33,
        "name": "light",
        "prevSize": 32,
        "code": 59677
      },
      "setIdx": 0,
      "setId": 5,
      "iconIdx": 29
    },
    {
      "icon": {
        "paths": [
          "M67.2 35.2h1094.4v134.4h-1094.4v-134.4zM67.2 716.8v-137.6h1094.4v137.6h-1094.4zM1161.6 307.2v137.6h-1094.4v-137.6h1094.4zM752 854.4v134.4h-684.8v-134.4h684.8z"
        ],
        "attrs": [
          {}
        ],
        "width": 1216,
        "isMulticolor": false,
        "isMulticolor2": false,
        "grid": 0,
        "tags": [
          "log"
        ]
      },
      "attrs": [
        {}
      ],
      "properties": {
        "order": 1816,
        "id": 32,
        "name": "log",
        "prevSize": 32,
        "code": 59678
      },
      "setIdx": 0,
      "setId": 5,
      "iconIdx": 30
    },
    {
      "icon": {
        "paths": [
          "M841.143 73.143c20 0 36.571 16.571 36.571 36.571v237.714c0 10.286-8 18.286-18.286 18.286h-36.571c-10.286 0-18.286-8-18.286-18.286v-149.714l-218.286 218.857c45.143 56 72 127.429 72 205.143 0 181.714-147.429 329.143-329.143 329.143s-329.143-147.429-329.143-329.143 147.429-329.143 329.143-329.143c77.714 0 149.143 26.857 205.143 72l218.286-218.286h-149.143c-10.286 0-18.286-8-18.286-18.286v-36.571c0-10.286 8-18.286 18.286-18.286h237.714zM329.143 877.714c141.143 0 256-114.857 256-256s-114.857-256-256-256-256 114.857-256 256 114.857 256 256 256z"
        ],
        "attrs": [
          {}
        ],
        "width": 878,
        "isMulticolor": false,
        "isMulticolor2": false,
        "grid": 0,
        "tags": [
          "mars"
        ]
      },
      "attrs": [
        {}
      ],
      "properties": {
        "order": 1817,
        "id": 31,
        "name": "mars",
        "prevSize": 32,
        "code": 59679
      },
      "setIdx": 0,
      "setId": 5,
      "iconIdx": 31
    },
    {
      "icon": {
        "paths": [
          "M64 0h1536v172h-1536v-172zM64 596v-168h1536v168h-1536zM64 1024v-172h1536v172h-1536z"
        ],
        "attrs": [
          {}
        ],
        "width": 1664,
        "isMulticolor": false,
        "isMulticolor2": false,
        "grid": 0,
        "tags": [
          "menu"
        ]
      },
      "attrs": [
        {}
      ],
      "properties": {
        "order": 1818,
        "id": 30,
        "name": "menu",
        "prevSize": 32,
        "code": 59680
      },
      "setIdx": 0,
      "setId": 5,
      "iconIdx": 32
    },
    {
      "icon": {
        "paths": [
          "M655.984 493.712v36.576c0 10.272-8 18.272-18.272 18.272h-475.424c-10.272 0-18.272-8-18.272-18.272v-36.576c0-10.272 8-18.272 18.272-18.272h475.424c10.272 0 18.272 8 18.272 18.272zM729.136 749.712v-475.424c0-50.272-41.152-91.424-91.424-91.424h-475.424c-50.272 0-91.424 41.152-91.424 91.424v475.424c0 50.272 41.152 91.424 91.424 91.424h475.424c50.272 0 91.424-41.152 91.424-91.424zM802.288 274.288v475.424c0 90.848-73.728 164.576-164.576 164.576h-475.424c-90.848 0-164.576-73.728-164.576-164.576v-475.424c0-90.848 73.728-164.576 164.576-164.576h475.424c90.848 0 164.576 73.728 164.576 164.576z"
        ],
        "attrs": [
          {}
        ],
        "width": 800,
        "isMulticolor": false,
        "isMulticolor2": false,
        "grid": 0,
        "tags": [
          "minus-square"
        ]
      },
      "attrs": [
        {}
      ],
      "properties": {
        "order": 1819,
        "id": 29,
        "name": "minus-square",
        "prevSize": 32,
        "code": 59681
      },
      "setIdx": 0,
      "setId": 5,
      "iconIdx": 33
    },
    {
      "icon": {
        "paths": [
          "M1032 316.16l-120.32-120.32-391.68 390.826-391.68-390.826-120.32 120.32 512 512z"
        ],
        "attrs": [
          {}
        ],
        "width": 1040,
        "isMulticolor": false,
        "isMulticolor2": false,
        "grid": 0,
        "tags": [
          "navigate-down"
        ]
      },
      "attrs": [
        {}
      ],
      "properties": {
        "order": 1820,
        "id": 28,
        "name": "navigate-down",
        "prevSize": 32,
        "code": 59682
      },
      "setIdx": 0,
      "setId": 5,
      "iconIdx": 34
    },
    {
      "icon": {
        "paths": [
          "M563.84 0l120.32 120.32-390.826 391.68 390.826 391.68-120.32 120.32-512-512z"
        ],
        "attrs": [
          {}
        ],
        "width": 736,
        "isMulticolor": false,
        "isMulticolor2": false,
        "grid": 0,
        "tags": [
          "navigate-left"
        ]
      },
      "attrs": [
        {}
      ],
      "properties": {
        "order": 1821,
        "id": 27,
        "name": "navigate-left",
        "prevSize": 32,
        "code": 59683
      },
      "setIdx": 0,
      "setId": 5,
      "iconIdx": 35
    },
    {
      "icon": {
        "paths": [
          "M172.16 0l-120.32 120.32 390.826 391.68-390.826 391.68 120.32 120.32 512-512z"
        ],
        "attrs": [
          {}
        ],
        "width": 736,
        "isMulticolor": false,
        "isMulticolor2": false,
        "grid": 0,
        "tags": [
          "navigate-right"
        ]
      },
      "attrs": [
        {}
      ],
      "properties": {
        "order": 1822,
        "id": 26,
        "name": "navigate-right",
        "prevSize": 32,
        "code": 59684
      },
      "setIdx": 0,
      "setId": 5,
      "iconIdx": 36
    },
    {
      "icon": {
        "paths": [
          "M1032 707.84l-120.32 120.32-391.68-390.826-391.68 390.826-120.32-120.32 512-512z"
        ],
        "attrs": [
          {}
        ],
        "width": 1040,
        "isMulticolor": false,
        "isMulticolor2": false,
        "grid": 0,
        "tags": [
          "navigate-up"
        ]
      },
      "attrs": [
        {}
      ],
      "properties": {
        "order": 1823,
        "id": 25,
        "name": "navigate-up",
        "prevSize": 32,
        "code": 59685
      },
      "setIdx": 0,
      "setId": 5,
      "iconIdx": 37
    },
    {
      "icon": {
        "paths": [
          "M511.999 121.599c74.239 0 134.4 60.16 134.4 134.4s-60.16 134.4-134.4 134.4-134.4-60.16-134.4-134.4 60.16-134.4 134.4-134.4zM511.999 697.599c190.080 0 390.4 93.439 390.4 134.4v70.399h-780.799v-70.399c0-40.96 200.32-134.4 390.4-134.4zM511.999 0c-141.439 0-256 114.559-256 256s114.559 256 256 256 256-114.559 256-256-114.559-256-256-256zM511.999 576c-170.88 0-511.999 85.759-511.999 256v192h1024v-192c0-170.239-341.119-256-511.999-256z"
        ],
        "attrs": [
          {}
        ],
        "isMulticolor": false,
        "isMulticolor2": false,
        "grid": 0,
        "tags": [
          "no-avatar"
        ]
      },
      "attrs": [
        {}
      ],
      "properties": {
        "order": 1824,
        "id": 24,
        "name": "no-avatar",
        "prevSize": 32,
        "code": 59686
      },
      "setIdx": 0,
      "setId": 5,
      "iconIdx": 38
    },
    {
      "icon": {
        "paths": [
          "M1091.2 579.2c59.744 0 124.8 8.544 195.2 25.6s135.456 44.8 195.2 83.2c59.744 38.4 89.6 82.144 89.6 131.2v169.6h-409.6v-169.6c0-93.856-44.8-172.8-134.4-236.8 14.944-2.144 36.256-3.2 64-3.2zM547.2 579.2c59.744 0 124.8 8.544 195.2 25.6s134.944 44.8 193.6 83.2c58.656 38.4 88 82.144 88 131.2v169.6h-956.8v-169.6c0-49.056 29.856-92.8 89.6-131.2s124.8-66.144 195.2-83.2c70.4-17.056 135.456-25.6 195.2-25.6zM547.2 444.8c-55.456 0-103.456-20.256-144-60.8s-60.8-88.544-60.8-144c0-55.456 20.256-103.456 60.8-144s88.544-60.8 144-60.8c55.456 0 102.944 20.256 142.4 60.8s59.2 88.544 59.2 144c0 55.456-19.744 103.456-59.2 144s-86.944 60.8-142.4 60.8zM1091.2 444.8c-55.456 0-103.456-20.256-144-60.8s-60.8-88.544-60.8-144c0-55.456 20.256-103.456 60.8-144s88.544-60.8 144-60.8c55.456 0 103.456 20.256 144 60.8s60.8 88.544 60.8 144c0 55.456-20.256 103.456-60.8 144s-88.544 60.8-144 60.8z"
        ],
        "attrs": [
          {}
        ],
        "width": 1632,
        "isMulticolor": false,
        "isMulticolor2": false,
        "grid": 0,
        "tags": [
          "people"
        ]
      },
      "attrs": [
        {}
      ],
      "properties": {
        "order": 1825,
        "id": 23,
        "name": "people",
        "prevSize": 32,
        "code": 59687
      },
      "setIdx": 0,
      "setId": 5,
      "iconIdx": 39
    },
    {
      "icon": {
        "paths": [
          "M512 85.333c-165.12 0-298.667 133.547-298.667 298.667 0 224 298.667 554.667 298.667 554.667s298.667-330.667 298.667-554.667c0-165.12-133.547-298.667-298.667-298.667zM512 490.667c-58.88 0-106.667-47.787-106.667-106.667s47.787-106.667 106.667-106.667 106.667 47.787 106.667 106.667-47.787 106.667-106.667 106.667z"
        ],
        "attrs": [
          {}
        ],
        "isMulticolor": false,
        "isMulticolor2": false,
        "grid": 0,
        "tags": [
          "place"
        ]
      },
      "attrs": [
        {}
      ],
      "properties": {
        "order": 1826,
        "id": 22,
        "name": "place",
        "prevSize": 32,
        "code": 59688
      },
      "setIdx": 0,
      "setId": 5,
      "iconIdx": 40
    },
    {
      "icon": {
        "paths": [
          "M109.96 0l804.080 512-804.080 512v-1024z"
        ],
        "attrs": [
          {}
        ],
        "isMulticolor": false,
        "isMulticolor2": false,
        "grid": 0,
        "tags": [
          "play-arrow"
        ]
      },
      "attrs": [
        {}
      ],
      "properties": {
        "order": 1827,
        "id": 21,
        "name": "play-arrow",
        "prevSize": 32,
        "code": 59689
      },
      "setIdx": 0,
      "setId": 5,
      "iconIdx": 41
    },
    {
      "icon": {
        "paths": [
          "M655.984 493.712v36.576c0 10.272-8 18.272-18.272 18.272h-201.152v201.152c0 10.272-8 18.272-18.272 18.272h-36.576c-10.272 0-18.272-8-18.272-18.272v-201.152h-201.152c-10.272 0-18.272-8-18.272-18.272v-36.576c0-10.272 8-18.272 18.272-18.272h201.152v-201.152c0-10.272 8-18.272 18.272-18.272h36.576c10.272 0 18.272 8 18.272 18.272v201.152h201.152c10.272 0 18.272 8 18.272 18.272zM729.136 749.712v-475.424c0-50.272-41.152-91.424-91.424-91.424h-475.424c-50.272 0-91.424 41.152-91.424 91.424v475.424c0 50.272 41.152 91.424 91.424 91.424h475.424c50.272 0 91.424-41.152 91.424-91.424zM802.288 274.288v475.424c0 90.848-73.728 164.576-164.576 164.576h-475.424c-90.848 0-164.576-73.728-164.576-164.576v-475.424c0-90.848 73.728-164.576 164.576-164.576h475.424c90.848 0 164.576 73.728 164.576 164.576z"
        ],
        "attrs": [
          {}
        ],
        "width": 800,
        "isMulticolor": false,
        "isMulticolor2": false,
        "grid": 0,
        "tags": [
          "plus-square"
        ]
      },
      "attrs": [
        {}
      ],
      "properties": {
        "order": 1828,
        "id": 20,
        "name": "plus-square",
        "prevSize": 32,
        "code": 59690
      },
      "setIdx": 0,
      "setId": 5,
      "iconIdx": 42
    },
    {
      "icon": {
        "paths": [
          "M512 923.043c225.953 0 411.041-185.089 411.041-411.043s-185.089-411.041-411.041-411.041-411.041 185.089-411.041 411.041 185.089 411.041 411.041 411.041zM512 0c283.643 0 512 228.357 512 512s-228.357 512-512 512-512-228.357-512-512 228.357-512 512-512zM512 254.799c141.821 0 257.201 115.38 257.201 257.201s-115.38 257.201-257.201 257.201-257.201-115.38-257.201-257.201 115.38-257.201 257.201-257.201z"
        ],
        "attrs": [
          {}
        ],
        "isMulticolor": false,
        "isMulticolor2": false,
        "grid": 0,
        "tags": [
          "radio-button-checked"
        ]
      },
      "attrs": [
        {}
      ],
      "properties": {
        "order": 1829,
        "id": 19,
        "name": "radio-button-checked",
        "prevSize": 32,
        "code": 59691
      },
      "setIdx": 0,
      "setId": 5,
      "iconIdx": 43
    },
    {
      "icon": {
        "paths": [
          "M512 923.043c225.953 0 411.041-185.089 411.041-411.043s-185.089-411.041-411.041-411.041-411.041 185.089-411.041 411.041 185.089 411.041 411.041 411.041zM512 0c283.643 0 512 228.357 512 512s-228.357 512-512 512-512-228.357-512-512 228.357-512 512-512z"
        ],
        "attrs": [
          {}
        ],
        "isMulticolor": false,
        "isMulticolor2": false,
        "grid": 0,
        "tags": [
          "radio-button-unchecked"
        ]
      },
      "attrs": [
        {}
      ],
      "properties": {
        "order": 1830,
        "id": 18,
        "name": "radio-button-unchecked",
        "prevSize": 32,
        "code": 59692
      },
      "setIdx": 0,
      "setId": 5,
      "iconIdx": 44
    },
    {
      "icon": {
        "paths": [
          "M769.201 562.479v-100.959h-514.404v100.959h514.404zM512 0c283.643 0 512 228.357 512 512s-228.357 512-512 512-512-228.357-512-512 228.357-512 512-512z"
        ],
        "attrs": [
          {}
        ],
        "isMulticolor": false,
        "isMulticolor2": false,
        "grid": 0,
        "tags": [
          "remove-circle"
        ]
      },
      "attrs": [
        {}
      ],
      "properties": {
        "order": 1831,
        "id": 17,
        "name": "remove-circle",
        "prevSize": 32,
        "code": 59693
      },
      "setIdx": 0,
      "setId": 5,
      "iconIdx": 45
    },
    {
      "icon": {
        "paths": [
          "M594.499 206.23c225.42 0 410.081 182.269 410.081 407.689s-184.661 410.081-410.081 410.081-410.081-184.661-410.081-410.081h103.114c0 170.267 136.693 306.97 306.97 306.97s306.97-136.693 306.97-306.97-136.693-306.97-306.97-306.97v206.245l-256.597-256.597 256.597-256.597v206.245z"
        ],
        "attrs": [
          {}
        ],
        "width": 1189,
        "isMulticolor": false,
        "isMulticolor2": false,
        "grid": 0,
        "tags": [
          "replay"
        ]
      },
      "attrs": [
        {}
      ],
      "properties": {
        "order": 1832,
        "id": 16,
        "name": "replay",
        "prevSize": 32,
        "code": 59694
      },
      "setIdx": 0,
      "setId": 5,
      "iconIdx": 46
    },
    {
      "icon": {
        "paths": [
          "M370.656 626.656c71.104 0 131.552-24.896 181.344-74.656s74.656-110.208 74.656-181.344c0-71.104-24.896-131.552-74.656-181.344s-110.208-74.656-181.344-74.656c-71.104 0-131.552 24.896-181.344 74.656s-74.656 110.208-74.656 181.344c0 71.104 24.896 131.552 74.656 181.344s110.208 74.656 181.344 74.656zM712 626.656l282.656 282.656-85.344 85.344-282.656-282.656v-45.344l-16-16c-67.552 58.656-147.552 88-240 88-103.104 0-190.656-35.552-262.656-106.656s-108-158.208-108-261.344c0-103.104 36-190.656 108-262.656s159.552-108 262.656-108c103.104 0 190.208 36 261.344 108s106.656 159.552 106.656 262.656c0 92.448-29.344 172.448-88 240l16 16h45.344z"
        ],
        "attrs": [
          {}
        ],
        "isMulticolor": false,
        "isMulticolor2": false,
        "grid": 0,
        "tags": [
          "search"
        ]
      },
      "attrs": [
        {}
      ],
      "properties": {
        "order": 1833,
        "id": 15,
        "name": "search",
        "prevSize": 32,
        "code": 59695
      },
      "setIdx": 0,
      "setId": 5,
      "iconIdx": 47
    },
    {
      "icon": {
        "paths": [
          "M670.286 607.429c0-99.429-96.571-133.714-177.714-152l-59.429-13.714c-43.429-10.286-76-17.714-76-50.857 0-30.286 32-44 82.286-44 89.714 0 91.429 65.714 146.857 65.714 37.143 0 59.429-29.143 59.429-62.286 0-65.714-109.143-108.571-217.143-108.571-98.857 0-213.714 42.857-213.714 158.857 0 96 64 130.286 147.429 150.286l83.429 20.571c50.857 12.571 82.286 18.286 82.286 54.857 0 29.143-32.571 51.429-82.857 51.429-105.714 0-111.429-88-172.571-88-40 0-57.714 28.571-57.714 60 0 70.286 107.429 127.429 236 127.429 107.429 0 219.429-53.714 219.429-169.714zM877.714 731.429c0 121.143-98.286 219.429-219.429 219.429-50.286 0-96.571-17.143-133.714-45.714-27.429 5.714-56.571 9.143-85.714 9.143-222.286 0-402.286-180-402.286-402.286 0-29.143 3.429-58.286 9.143-85.714-28.571-37.143-45.714-83.429-45.714-133.714 0-121.143 98.286-219.429 219.429-219.429 50.286 0 96.571 17.143 133.714 45.714 27.429-5.714 56.571-9.143 85.714-9.143 222.286 0 402.286 180 402.286 402.286 0 29.143-3.429 58.286-9.143 85.714 28.571 37.143 45.714 83.429 45.714 133.714z"
        ],
        "attrs": [
          {}
        ],
        "width": 878,
        "isMulticolor": false,
        "isMulticolor2": false,
        "grid": 0,
        "tags": [
          "skype"
        ]
      },
      "attrs": [
        {}
      ],
      "properties": {
        "order": 1849,
        "id": 14,
        "name": "skype",
        "prevSize": 32,
        "code": 59696
      },
      "setIdx": 0,
      "setId": 5,
      "iconIdx": 48
    },
    {
      "icon": {
        "paths": [
          "M0 612.64h752.512l-376.256 409.696z",
          "M616.704 348.448l-240.416-261.792-240.416 261.792h480.864zM0 409.696l376.256-409.696 376.256 409.696h-752.512z"
        ],
        "attrs": [
          {},
          {}
        ],
        "width": 800,
        "isMulticolor": false,
        "isMulticolor2": false,
        "grid": 0,
        "tags": [
          "sort-down"
        ]
      },
      "attrs": [
        {},
        {}
      ],
      "properties": {
        "order": 1835,
        "id": 13,
        "name": "sort-down",
        "prevSize": 32,
        "code": 59697
      },
      "setIdx": 0,
      "setId": 5,
      "iconIdx": 49
    },
    {
      "icon": {
        "paths": [
          "M135.84 673.92l240.416 261.792 240.416-261.792h-480.864zM752.544 612.64l-376.256 409.696-376.256-409.696h752.512z",
          "M616.704 348.448l-240.416-261.792-240.416 261.792h480.864zM0 409.696l376.256-409.696 376.256 409.696h-752.512z"
        ],
        "attrs": [
          {},
          {}
        ],
        "width": 800,
        "isMulticolor": false,
        "isMulticolor2": false,
        "grid": 0,
        "tags": [
          "sort-none"
        ]
      },
      "attrs": [
        {},
        {}
      ],
      "properties": {
        "order": 1836,
        "id": 12,
        "name": "sort-none",
        "prevSize": 32,
        "code": 59698
      },
      "setIdx": 0,
      "setId": 5,
      "iconIdx": 50
    },
    {
      "icon": {
        "paths": [
          "M752.544 409.696h-752.512l376.256-409.696z",
          "M135.84 673.92l240.416 261.792 240.416-261.792h-480.864zM752.544 612.64l-376.256 409.696-376.256-409.696h752.512z"
        ],
        "attrs": [
          {},
          {}
        ],
        "width": 800,
        "isMulticolor": false,
        "isMulticolor2": false,
        "grid": 0,
        "tags": [
          "sort-up"
        ]
      },
      "attrs": [
        {},
        {}
      ],
      "properties": {
        "order": 1837,
        "id": 11,
        "name": "sort-up",
        "prevSize": 32,
        "code": 59699
      },
      "setIdx": 0,
      "setId": 5,
      "iconIdx": 51
    },
    {
      "icon": {
        "paths": [
          "M505.856 0c-272.384 0-494.592 215.040-505.856 483.328-1.024 19.456 13.312 20.48 13.312 20.48h86.016c16.384 0 19.456-10.24 19.456-18.432 10.24-203.776 180.224-366.592 387.072-366.592 109.568 0 209.92 46.080 279.552 120.832l-59.392 58.368c-11.264 12.288-11.264 27.648 5.12 31.744l252.928 51.2c21.504 5.12 47.104-11.264 37.888-45.056l-59.392-232.448c-2.048-9.216-16.384-22.528-29.696-13.312l-66.56 61.44c-91.136-93.184-219.136-151.552-360.448-151.552zM924.672 520.192c-16.384 0-19.456 10.24-19.456 18.432-10.24 203.776-180.224 366.592-386.048 366.592-110.592 0-209.92-46.080-280.576-120.832l60.416-58.368c10.24-12.288 10.24-27.648-5.12-31.744l-253.952-51.2c-21.504-5.12-47.104 11.264-37.888 45.056l59.392 232.448c2.048 9.216 16.384 22.528 30.72 13.312l65.536-61.44c91.136 93.184 219.136 151.552 361.472 151.552 271.36 0 493.568-215.040 504.832-484.352 1.024-18.432-13.312-19.456-13.312-19.456h-86.016z"
        ],
        "attrs": [
          {}
        ],
        "isMulticolor": false,
        "isMulticolor2": false,
        "grid": 0,
        "tags": [
          "spin3"
        ]
      },
      "attrs": [
        {}
      ],
      "properties": {
        "order": 1838,
        "id": 10,
        "name": "spin3",
        "prevSize": 32,
        "code": 59700
      },
      "setIdx": 0,
      "setId": 5,
      "iconIdx": 52
    },
    {
      "icon": {
        "paths": [
          "M509.952 0c-116.736 0-233.472 39.936-327.68 118.784v0c177.152-143.36 438.272-133.12 602.112 31.744 137.216 137.216 167.936 339.968 91.136 506.88-10.24 29.696-5.12 51.2 12.288 69.632 21.504 20.48 62.464 23.552 86.016 0 3.072-3.072 12.288-15.36 15.36-24.576 72.704-184.32 33.792-402.432-114.688-551.936-101.376-100.352-233.472-150.528-364.544-150.528zM91.136 280.576c-14.336 0-29.696 5.12-39.936 16.384-3.072 3.072-13.312 15.36-15.36 24.576-72.704 184.32-34.816 402.432 114.688 551.936 189.44 189.44 490.496 199.68 692.224 31.744v0c-177.152 143.36-438.272 133.12-603.136-31.744-137.216-137.216-166.912-340.992-91.136-506.88 11.264-29.696 6.144-51.2-12.288-69.632-11.264-11.264-27.648-17.408-45.056-16.384z"
        ],
        "attrs": [
          {}
        ],
        "isMulticolor": false,
        "isMulticolor2": false,
        "grid": 0,
        "tags": [
          "spin4"
        ]
      },
      "attrs": [
        {}
      ],
      "properties": {
        "order": 1839,
        "id": 9,
        "name": "spin4",
        "prevSize": 32,
        "code": 59701
      },
      "setIdx": 0,
      "setId": 5,
      "iconIdx": 53
    },
    {
      "icon": {
        "paths": [
          "M0 0h1024v1024h-1024v-1024z"
        ],
        "attrs": [
          {}
        ],
        "isMulticolor": false,
        "isMulticolor2": false,
        "grid": 0,
        "tags": [
          "stop"
        ]
      },
      "attrs": [
        {}
      ],
      "properties": {
        "order": 1840,
        "id": 8,
        "name": "stop",
        "prevSize": 32,
        "code": 59702
      },
      "setIdx": 0,
      "setId": 5,
      "iconIdx": 54
    },
    {
      "icon": {
        "paths": [
          "M537.152 683.424v96h-342.848v-96h342.848zM779.424 925.728v-534.848h-681.152v534.848h681.152zM779.424 146.272c25.92 0 48.768 9.92 68.576 29.728s29.728 42.656 29.728 68.576v681.152c0 25.92-9.92 48.768-29.728 68.576s-42.656 29.728-68.576 29.728h-681.152c-27.424 0-50.656-9.92-69.728-29.728s-28.576-42.656-28.576-68.576v-681.152c0-25.92 9.536-48.768 28.576-68.576s42.272-29.728 69.728-29.728h48v-98.272h98.272v98.272h388.576v-98.272h98.272v98.272h48zM683.424 486.848v98.272h-489.152v-98.272h489.152z"
        ],
        "attrs": [
          {}
        ],
        "width": 864,
        "isMulticolor": false,
        "isMulticolor2": false,
        "grid": 0,
        "tags": [
          "tasklist"
        ]
      },
      "attrs": [
        {}
      ],
      "properties": {
        "order": 1841,
        "id": 7,
        "name": "tasklist",
        "prevSize": 32,
        "code": 59703
      },
      "setIdx": 0,
      "setId": 5,
      "iconIdx": 55
    },
    {
      "icon": {
        "paths": [
          "M909.728 292.576h-877.728v146.272h877.728v-146.272zM909.728 0h-877.728v146.272h877.728v-146.272zM32 731.424h585.152v-146.272h-585.152v146.272zM1458.272 402.272l109.728 109.728-511.264 512-329.888-329.152 109.728-109.728 220.16 219.424 401.568-402.272z"
        ],
        "attrs": [
          {}
        ],
        "width": 1600,
        "isMulticolor": false,
        "isMulticolor2": false,
        "grid": 0,
        "tags": [
          "tasks"
        ]
      },
      "attrs": [
        {}
      ],
      "properties": {
        "order": 1842,
        "id": 6,
        "name": "tasks",
        "prevSize": 32,
        "code": 59704
      },
      "setIdx": 0,
      "setId": 5,
      "iconIdx": 56
    },
    {
      "icon": {
        "paths": [
          "M1048 512l-215.579-215.579v161.684h-808.421v107.789h808.421v161.684z"
        ],
        "attrs": [
          {}
        ],
        "width": 1072,
        "isMulticolor": false,
        "isMulticolor2": false,
        "grid": 0,
        "tags": [
          "transfer"
        ]
      },
      "attrs": [
        {}
      ],
      "properties": {
        "order": 1843,
        "id": 5,
        "name": "transfer",
        "prevSize": 32,
        "code": 59705
      },
      "setIdx": 0,
      "setId": 5,
      "iconIdx": 57
    },
    {
      "icon": {
        "paths": [
          "M1024 512l-1024 512v-1024z"
        ],
        "attrs": [
          {}
        ],
        "isMulticolor": false,
        "isMulticolor2": false,
        "grid": 0,
        "tags": [
          "transferto"
        ]
      },
      "attrs": [
        {}
      ],
      "properties": {
        "order": 1844,
        "id": 4,
        "name": "transferto",
        "prevSize": 32,
        "code": 59706
      },
      "setIdx": 0,
      "setId": 5,
      "iconIdx": 58
    },
    {
      "icon": {
        "paths": [
          "M0 1024h1024v-1024z"
        ],
        "attrs": [
          {}
        ],
        "isMulticolor": false,
        "isMulticolor2": false,
        "grid": 0,
        "tags": [
          "triangle"
        ]
      },
      "attrs": [
        {}
      ],
      "properties": {
        "order": 1845,
        "id": 3,
        "name": "triangle",
        "prevSize": 32,
        "code": 59707
      },
      "setIdx": 0,
      "setId": 5,
      "iconIdx": 59
    },
    {
      "icon": {
        "paths": [
          "M1024 0h-1024v1024z"
        ],
        "attrs": [
          {}
        ],
        "isMulticolor": false,
        "isMulticolor2": false,
        "grid": 0,
        "tags": [
          "triangle-up"
        ]
      },
      "attrs": [
        {}
      ],
      "properties": {
        "order": 1846,
        "id": 2,
        "name": "triangle-up",
        "prevSize": 32,
        "code": 59708
      },
      "setIdx": 0,
      "setId": 5,
      "iconIdx": 60
    },
    {
      "icon": {
        "paths": [
          "M662.508 342.455c0 165.901-125.548 302.659-286.965 320.593v145.725h125.548c10.089 0 17.936 7.847 17.936 17.936v35.871c0 10.089-7.847 17.936-17.936 17.936h-125.548v125.548c0 10.089-7.847 17.936-17.936 17.936h-35.871c-10.089 0-17.936-7.847-17.936-17.936v-125.548h-125.548c-10.089 0-17.936-7.847-17.936-17.936v-35.871c0-10.089 7.847-17.936 17.936-17.936h125.548v-145.725c-169.827-18.495-299.856-169.265-285.845-346.937 12.331-152.451 133.395-277.437 284.724-294.252 195.047-21.859 359.828 130.031 359.828 320.595zM88.575 342.455c0 138.439 112.657 251.096 251.096 251.096s251.096-112.657 251.096-251.096-112.657-251.096-251.096-251.096-251.096 112.657-251.096 251.096z"
        ],
        "attrs": [
          {}
        ],
        "width": 667,
        "isMulticolor": false,
        "isMulticolor2": false,
        "grid": 0,
        "tags": [
          "venus"
        ]
      },
      "attrs": [
        {}
      ],
      "properties": {
        "order": 1847,
        "id": 1,
        "name": "venus",
        "prevSize": 32,
        "code": 59709
      },
      "setIdx": 0,
      "setId": 5,
      "iconIdx": 61
    },
    {
      "icon": {
        "paths": [
          "M557.753 628.563v-187.371h-91.505v187.371h91.505zM557.753 813.753v-93.685h-91.505v93.685h91.505zM0 953.191l512-882.383 512 882.383h-1024z"
        ],
        "attrs": [
          {}
        ],
        "isMulticolor": false,
        "isMulticolor2": false,
        "grid": 0,
        "tags": [
          "warning"
        ]
      },
      "attrs": [
        {}
      ],
      "properties": {
        "order": 1848,
        "id": 0,
        "name": "warning",
        "prevSize": 32,
        "code": 59710
      },
      "setIdx": 0,
      "setId": 5,
      "iconIdx": 62
    },
    {
      "icon": {
        "paths": [
          "M1085.412 396.824c0 11.615-8.389 22.583-16.776 30.972l-234.223 228.416 55.491 322.621c0.645 4.517 0.645 8.389 0.645 12.905 0 16.776-7.743 32.262-26.455 32.262-9.033 0-18.067-3.226-25.81-7.743l-289.713-152.277-289.713 152.277c-8.389 4.517-16.776 7.743-25.81 7.743-18.712 0-27.1-15.485-27.1-32.262 0-4.517 0.645-8.389 1.291-12.905l55.491-322.621-234.868-228.416c-7.743-8.389-16.131-19.357-16.131-30.972 0-19.357 20.002-27.1 36.134-29.681l323.911-47.102 145.179-293.585c5.807-12.259 16.776-26.455 31.617-26.455s25.81 14.195 31.617 26.455l145.179 293.585 323.911 47.102c15.485 2.581 36.134 10.324 36.134 29.681z"
        ],
        "width": 1097.142857142857,
        "attrs": [],
        "isMulticolor": false,
        "isMulticolor2": false,
        "tags": [
          "star"
        ],
        "defaultCode": 61445,
        "grid": 14
      },
      "attrs": [],
      "properties": {
        "name": "star",
        "id": 9,
        "order": 1785,
        "prevSize": 28,
        "code": 61445
      },
      "setIdx": 1,
      "setId": 4,
      "iconIdx": 9
    },
    {
      "icon": {
        "paths": [
          "M745.367 627.175l197.444-191.637-272.292-40.005-121.951-246.483-121.951 246.483-272.292 40.005 197.444 191.637-47.102 271.646 243.901-128.403 243.257 128.403zM1085.41 396.823c0 11.615-8.389 22.583-16.776 30.972l-234.223 228.416 55.491 322.621c0.645 4.517 0.645 8.389 0.645 12.905 0 17.422-7.743 32.262-26.455 32.262-9.033 0-18.067-3.226-25.81-7.743l-289.713-152.277-289.713 152.277c-8.389 4.517-16.776 7.743-25.81 7.743-18.712 0-27.1-15.485-27.1-32.262 0-4.517 0.645-8.389 1.291-12.905l55.491-322.621-234.868-228.416c-7.743-8.389-16.131-19.357-16.131-30.972 0-19.357 20.002-27.1 36.134-29.681l323.911-47.102 145.179-293.585c5.807-12.259 16.776-26.455 31.617-26.455s25.81 14.195 31.617 26.455l145.179 293.585 323.911 47.102c15.485 2.581 36.134 10.324 36.134 29.681z"
        ],
        "width": 1097.142857142857,
        "attrs": [],
        "isMulticolor": false,
        "isMulticolor2": false,
        "tags": [
          "star-o"
        ],
        "defaultCode": 61446,
        "grid": 14
      },
      "attrs": [],
      "properties": {
        "name": "star-o",
        "id": 10,
        "order": 1784,
        "prevSize": 28,
        "code": 61446
      },
      "setIdx": 1,
      "setId": 4,
      "iconIdx": 10
    }
  ],
  "height": 1024,
  "metadata": {
    "name": "icomoon"
  },
  "preferences": {
    "showGlyphs": true,
    "showQuickUse": true,
    "showQuickUse2": true,
    "showSVGs": true,
    "fontPref": {
      "prefix": "icon-",
      "metadata": {
        "fontFamily": "icomoon",
        "majorVersion": 1,
        "minorVersion": 0
      },
      "metrics": {
        "emSize": 1024,
        "baseline": 6.25,
        "whitespace": 50
      },
      "embed": false,
      "showSelector": true,
      "selector": "class",
      "classSelector": ".icon",
      "showMetrics": false,
      "showMetadata": false,
      "showVersion": true,
      "includeMetadata": true,
      "noie8": true,
      "ie7": false
    },
    "imagePref": {
      "prefix": "icon-",
      "png": true,
      "useClassSelector": true,
      "color": 0,
      "bgColor": 16777215,
      "classSelector": ".icon"
    },
    "historySize": 50,
    "showCodes": true,
    "gridSize": 16,
    "showGrid": false
  }
}